"","Villous","Tubular","EarlyStage","Advanced"
"1",1,1,1,1
"2",1,1,1,1
"3",1,1,1,0
"4",1,1,1,1
"5",1,1,1,1
"6",1,1,1,1
"7",1,0,0,0
"8",1,0,0,1
"9",1,1,1,1
"10",1,1,1,1
"11",1,1,0,1
"12",1,0,1,1
"13",1,1,1,0
"14",1,1,1,1
"15",1,1,1,1
"16",1,1,1,1
"17",1,1,1,0
"18",1,1,1,1
"19",1,1,1,1
"20",1,0,1,1
"21",1,1,1,1
"22",1,0,1,1
"23",1,1,1,1
"24",1,0,0,1
"25",1,0,0,1
"26",1,0,0,1
"27",1,1,1,1
"28",1,1,1,1
"29",1,1,1,1
"30",1,1,1,0
"31",1,1,1,1
"32",1,0,1,1
"33",1,1,1,1
"34",1,1,1,1
"35",1,0,0,1
"36",1,1,1,1
"37",1,1,0,0
"38",1,0,0,0
"39",1,1,1,1
"40",1,1,1,1
"41",1,1,1,1
"42",1,1,1,1
"43",1,0,1,1
"44",1,1,0,0
"45",1,0,1,1
"46",1,1,1,1
"47",1,1,1,1
"48",1,1,1,1
"49",1,1,1,0
"50",1,0,1,1
"51",1,0,1,1
"52",1,1,1,1
"53",1,1,1,1
"54",1,1,1,1
"55",1,1,1,1
"56",1,0,1,1
"57",1,1,1,1
"58",1,1,1,1
"59",1,1,1,1
"60",1,0,1,1
"61",1,0,1,0
"62",1,1,1,1
"63",1,1,1,1
"64",1,1,1,1
"65",1,1,1,1
"66",1,1,1,1
"67",1,1,1,1
"68",1,1,1,1
"69",1,1,1,1
"70",1,0,0,0
"71",1,1,1,1
"72",1,1,1,0
"73",1,0,1,1
"74",1,1,1,1
"75",1,1,1,1
"76",1,1,1,1
"77",1,1,1,0
"78",1,0,1,1
"79",1,1,1,1
"80",1,0,0,1
"81",1,1,1,1
"82",1,1,1,1
"83",1,1,1,1
"84",1,1,1,1
"85",1,1,1,1
"86",1,1,1,1
"87",1,1,0,0
"88",1,1,1,1
"89",1,0,1,1
"90",1,1,1,1
"91",1,1,1,1
"92",1,1,1,1
"93",1,1,1,1
"94",1,0,1,1
"95",1,1,1,1
"96",1,1,1,1
"97",1,1,1,1
"98",1,1,1,0
"99",1,1,1,1
"100",1,1,1,1
"101",1,0,1,1
"102",1,1,1,1
"103",1,1,1,1
"104",1,0,0,0
"105",1,1,0,0
"106",1,1,1,1
"107",1,1,1,0
"108",1,1,1,1
"109",1,1,1,1
"110",1,1,1,1
"111",1,1,1,0
"112",1,1,1,0
"113",1,1,1,1
"114",1,1,1,1
"115",1,1,0,1
"116",1,0,1,1
"117",1,1,1,1
"118",1,1,1,1
"119",1,0,0,1
"120",1,1,1,1
"121",1,0,0,1
"122",1,1,1,1
"123",1,1,1,1
"124",1,0,1,1
"125",1,1,1,1
"126",1,1,1,1
"127",1,0,1,1
"128",1,1,0,1
"129",1,1,1,1
"130",1,1,1,1
"131",1,1,1,1
"132",1,1,1,0
"133",1,1,1,1
"134",1,1,1,1
"135",1,1,1,0
"136",1,1,1,1
"137",1,1,1,0
"138",1,1,1,0
"139",1,1,0,1
"140",1,1,1,1
"141",1,1,1,1
"142",1,1,1,1
"143",1,1,1,1
"144",1,1,1,1
"145",1,1,1,1
"146",1,1,1,1
"147",1,0,1,1
"148",1,0,0,1
"149",1,1,1,1
"150",1,1,1,1
"151",1,1,1,1
"152",1,1,1,1
"153",1,1,0,0
"154",1,1,1,1
"155",1,1,1,1
"156",1,0,0,0
"157",1,1,1,1
"158",1,1,1,1
"159",1,1,1,1
"160",1,1,1,1
"161",1,0,1,1
"162",1,1,1,1
"163",1,1,1,0
"164",1,1,1,1
"165",1,1,1,1
"166",1,0,0,0
"167",1,1,1,1
"168",1,1,1,1
"169",1,1,1,1
"170",1,1,1,1
"171",1,1,1,1
"172",1,1,1,1
"173",1,1,1,1
"174",1,1,1,1
"175",1,1,1,1
"176",1,1,1,1
"177",1,1,1,1
"178",1,0,0,0
"179",1,1,1,1
"180",1,0,1,0
"181",1,0,1,1
"182",1,1,1,1
"183",1,0,1,1
"184",1,1,1,1
"185",1,1,1,1
"186",1,1,1,0
"187",1,0,1,1
"188",1,1,1,0
"189",1,1,0,0
"190",1,0,0,0
"191",1,1,1,1
"192",1,1,1,1
"193",1,1,1,1
"194",1,1,1,1
"195",1,1,1,1
"196",1,1,1,1
"197",1,1,1,1
"198",1,0,0,1
"199",1,1,1,0
"200",1,1,1,1
"201",1,1,0,0
"202",1,1,1,1
"203",1,0,0,0
"204",1,1,1,1
"205",1,0,1,1
"206",1,1,1,1
"207",1,1,1,1
"208",1,1,1,1
"209",1,1,1,1
"210",1,1,1,1
"211",1,1,1,1
"212",1,1,1,1
"213",1,1,1,1
"214",1,1,1,1
"215",1,1,1,1
"216",1,0,1,1
"217",1,0,1,1
"218",1,1,0,0
"219",1,1,1,1
"220",1,1,1,1
"221",1,1,1,1
"222",1,1,1,0
"223",1,0,1,1
"224",1,0,1,1
"225",1,1,1,1
"226",1,1,1,1
"227",1,1,1,1
"228",1,0,0,0
"229",1,1,1,1
"230",1,1,1,1
"231",1,1,1,1
"232",1,0,1,1
"233",1,1,1,1
"234",1,0,1,0
"235",1,0,1,1
"236",1,1,1,1
"237",1,1,0,0
"238",1,1,1,1
"239",1,1,1,1
"240",1,1,1,1
"241",1,1,1,1
"242",1,0,1,1
"243",1,1,1,1
"244",1,1,1,1
"245",1,0,1,1
"246",1,0,1,1
"247",1,1,1,1
"248",1,1,0,0
"249",1,1,1,1
"250",1,1,1,1
"251",1,0,1,1
"252",1,0,1,1
"253",1,0,1,1
"254",1,1,1,1
"255",1,1,1,1
"256",1,1,0,0
"257",1,1,1,1
"258",1,1,1,1
"259",1,0,1,1
"260",1,1,1,0
"261",1,1,1,1
"262",1,1,1,0
"263",1,1,1,1
"264",1,1,1,1
"265",1,1,1,0
"266",1,1,1,1
"267",1,1,1,1
"268",1,1,1,1
"269",1,0,1,1
"270",1,0,1,1
"271",1,0,1,1
"272",1,1,1,1
"273",1,1,1,1
"274",1,1,1,1
"275",1,1,1,1
"276",1,1,1,1
"277",1,1,1,1
"278",1,0,1,1
"279",1,0,0,0
"280",1,1,1,1
"281",1,1,1,0
"282",1,0,1,1
"283",1,1,1,1
"284",1,1,1,1
"285",1,1,1,1
"286",1,0,0,1
"287",1,0,0,0
"288",1,1,1,1
"289",1,0,0,1
"290",1,1,1,1
"291",1,1,0,1
"292",1,0,1,1
"293",1,0,0,0
"294",1,0,0,0
"295",1,1,1,1
"296",1,1,1,1
"297",1,1,1,1
"298",1,1,0,1
"299",1,1,1,1
"300",1,1,1,1
"301",1,1,1,0
"302",1,0,0,1
"303",1,1,0,1
"304",1,1,1,1
"305",1,1,0,0
"306",1,1,1,1
"307",1,1,1,1
"308",1,1,1,1
"309",1,1,1,1
"310",1,1,1,1
"311",1,0,0,1
"312",1,0,0,1
"313",1,1,1,1
"314",1,1,1,1
"315",1,0,1,1
"316",1,1,1,1
"317",1,1,1,1
"318",1,0,0,1
"319",1,0,0,0
"320",1,0,1,0
"321",1,0,1,1
"322",1,1,1,1
"323",1,1,1,1
"324",1,1,1,1
"325",1,0,1,1
"326",1,0,1,1
"327",1,0,0,1
"328",1,1,1,1
"329",1,1,1,1
"330",1,1,1,1
"331",1,1,1,1
"332",1,1,1,0
"333",1,0,1,1
"334",1,0,1,1
"335",1,1,1,0
"336",1,1,1,1
"337",1,1,1,0
"338",1,0,1,1
"339",1,0,0,1
"340",1,0,0,1
"341",1,1,1,1
"342",1,1,1,1
"343",1,1,1,1
"344",1,0,0,0
"345",1,1,1,1
"346",1,1,1,1
"347",1,1,0,1
"348",1,1,1,0
"349",1,1,1,0
"350",1,1,1,1
"351",1,1,1,1
"352",1,1,1,1
"353",1,1,1,1
"354",1,1,1,1
"355",1,1,1,1
"356",1,0,1,1
"357",1,1,1,0
"358",1,1,1,1
"359",1,1,1,1
"360",1,1,0,1
"361",1,1,1,1
"362",1,0,1,0
"363",1,0,1,0
"364",1,1,1,1
"365",1,0,1,0
"366",1,0,1,1
"367",1,1,1,1
"368",1,1,1,1
"369",1,1,1,1
"370",1,1,1,1
"371",1,1,1,1
"372",1,1,1,1
"373",1,1,1,1
"374",1,1,0,0
"375",1,1,1,1
"376",1,1,1,1
"377",1,1,1,1
"378",1,1,1,1
"379",1,1,1,1
"380",1,0,0,0
"381",1,1,1,1
"382",1,1,1,1
"383",1,0,1,1
"384",1,1,1,1
"385",1,1,1,1
"386",1,1,0,1
"387",1,0,0,0
"388",1,1,1,1
"389",1,1,1,1
"390",1,1,1,1
"391",1,1,1,1
"392",1,1,1,1
"393",1,0,0,0
"394",1,1,1,1
"395",1,1,1,1
"396",1,0,1,1
"397",1,0,0,1
"398",1,1,1,1
"399",1,1,1,1
"400",1,1,1,1
"401",1,1,1,1
"402",1,0,1,0
"403",1,1,1,1
"404",1,1,1,0
"405",1,1,1,1
"406",1,1,1,1
"407",1,1,1,1
"408",1,1,1,1
"409",1,1,0,0
"410",1,1,1,1
"411",1,1,1,1
"412",1,0,0,1
"413",1,1,1,1
"414",1,0,1,1
"415",1,1,1,1
"416",1,1,1,1
"417",1,1,0,1
"418",1,1,1,0
"419",1,1,1,1
"420",1,1,1,1
"421",1,0,1,1
"422",1,0,1,1
"423",1,1,1,1
"424",1,0,1,1
"425",1,1,1,1
"426",1,1,1,1
"427",1,1,1,1
"428",1,0,1,1
"429",1,1,1,1
"430",1,0,0,0
"431",1,1,1,1
"432",1,1,1,0
"433",1,1,1,1
"434",1,1,1,1
"435",1,1,0,1
"436",1,1,1,1
"437",1,1,1,1
"438",1,1,1,1
"439",1,1,1,1
"440",1,1,1,1
"441",1,1,1,1
"442",1,1,1,1
"443",1,1,1,1
"444",1,1,1,1
"445",1,1,1,1
"446",1,0,1,1
"447",1,1,1,1
"448",1,1,1,1
"449",1,1,1,1
"450",1,1,1,1
"451",1,1,1,1
"452",1,1,1,1
"453",1,1,1,1
"454",1,1,1,0
"455",1,1,1,1
"456",1,1,1,1
"457",1,0,1,1
"458",1,1,0,0
"459",1,1,1,1
"460",1,1,1,1
"461",1,1,1,1
"462",1,1,1,1
"463",1,0,0,0
"464",1,1,1,1
"465",1,1,1,1
"466",1,1,1,1
"467",1,1,1,1
"468",1,1,1,1
"469",1,1,1,1
"470",1,0,1,1
"471",1,1,0,0
"472",1,1,1,1
"473",1,0,1,1
"474",1,0,0,0
"475",1,1,1,1
"476",1,1,1,0
"477",1,0,1,1
"478",1,1,1,1
"479",1,0,1,1
"480",1,1,1,1
"481",1,1,1,1
"482",1,1,1,1
"483",1,1,0,0
"484",1,1,1,1
"485",1,1,1,1
"486",1,1,1,1
"487",1,1,1,1
"488",1,0,1,0
"489",1,1,1,0
"490",1,0,1,1
"491",1,0,0,0
"492",1,1,1,1
"493",1,1,1,1
"494",1,0,0,1
"495",1,1,0,0
"496",1,0,1,1
"497",1,1,1,1
"498",1,0,0,0
"499",1,0,1,1
"500",1,1,1,1
"501",1,1,1,1
"502",1,0,0,0
"503",1,1,1,1
"504",1,1,1,1
"505",1,0,1,1
"506",1,1,1,1
"507",1,1,1,1
"508",1,1,1,1
"509",1,0,0,0
"510",1,1,0,0
"511",1,0,0,0
"512",1,1,1,1
"513",1,0,0,0
"514",1,0,0,1
"515",1,1,1,1
"516",1,0,0,1
"517",1,1,1,1
"518",1,0,1,1
"519",1,0,1,1
"520",1,1,1,1
"521",1,1,0,1
"522",1,0,1,1
"523",1,1,1,1
"524",1,0,1,1
"525",1,0,0,1
"526",1,1,1,1
"527",1,1,1,1
"528",1,1,1,1
"529",1,1,1,1
"530",1,1,0,1
"531",1,1,1,1
"532",1,0,1,1
"533",1,0,0,1
"534",1,1,1,1
"535",1,1,0,0
"536",1,1,1,1
"537",1,0,0,0
"538",1,1,0,1
"539",1,1,0,1
"540",1,1,1,1
"541",1,1,1,1
"542",1,1,1,1
"543",1,1,1,1
"544",1,1,1,1
"545",1,1,1,1
"546",1,1,1,1
"547",1,1,1,1
"548",1,1,1,1
"549",1,0,1,1
"550",1,1,1,1
"551",1,0,1,1
"552",1,1,0,0
"553",1,1,1,1
"554",1,1,1,1
"555",1,1,1,1
"556",1,1,1,0
"557",1,1,1,1
"558",1,1,1,1
"559",1,0,1,1
"560",1,1,1,1
"561",1,1,1,1
"562",1,0,0,1
"563",1,1,1,0
"564",1,1,1,1
"565",1,1,1,1
"566",1,0,0,0
"567",1,1,1,1
"568",1,1,1,0
"569",1,1,0,1
"570",1,1,1,0
"571",1,0,1,1
"572",1,1,1,1
"573",1,1,1,1
"574",1,1,1,0
"575",1,1,0,1
"576",1,0,1,1
"577",1,1,1,1
"578",1,1,1,1
"579",1,1,1,1
"580",1,1,1,1
"581",1,1,1,0
"582",1,1,1,0
"583",1,1,1,1
"584",1,1,1,1
"585",1,1,1,1
"586",1,0,1,1
"587",1,1,1,1
"588",1,0,1,1
"589",1,1,1,1
"590",1,1,1,0
"591",1,1,1,1
"592",1,1,1,1
"593",1,1,1,0
"594",1,1,1,1
"595",1,0,1,1
"596",1,1,1,1
"597",1,1,1,0
"598",1,1,1,1
"599",1,1,0,1
"600",1,1,1,1
"601",1,1,1,0
"602",1,0,1,1
"603",1,1,1,1
"604",1,1,1,0
"605",1,1,1,1
"606",1,1,1,1
"607",1,1,1,1
"608",1,1,0,0
"609",1,1,1,1
"610",1,1,1,1
"611",1,0,0,1
"612",1,1,1,1
"613",1,1,1,1
"614",1,1,1,1
"615",1,1,0,0
"616",1,1,1,1
"617",1,0,0,0
"618",1,1,1,1
"619",1,1,1,1
"620",1,1,0,1
"621",1,1,1,1
"622",1,0,1,1
"623",1,1,0,1
"624",1,1,1,1
"625",1,0,1,1
"626",1,1,1,1
"627",1,1,1,0
"628",1,1,1,1
"629",1,1,0,1
"630",1,1,1,1
"631",1,1,1,0
"632",1,1,1,0
"633",1,0,0,1
"634",1,1,1,1
"635",1,1,1,1
"636",1,0,1,1
"637",1,1,1,1
"638",1,1,1,1
"639",1,1,1,1
"640",1,1,1,1
"641",1,1,1,1
"642",1,0,0,1
"643",1,0,1,1
"644",1,0,1,1
"645",1,0,0,1
"646",1,1,1,0
"647",1,0,1,1
"648",1,1,1,1
"649",1,0,0,1
"650",1,1,1,1
"651",1,1,1,1
"652",1,0,0,1
"653",1,1,1,1
"654",1,1,1,1
"655",1,1,1,0
"656",1,1,1,1
"657",1,1,1,0
"658",1,0,0,0
"659",1,1,1,1
"660",1,1,0,1
"661",1,1,1,0
"662",1,0,1,1
"663",1,1,1,1
"664",1,1,0,0
"665",1,0,1,1
"666",1,1,1,1
"667",1,1,1,1
"668",1,1,1,1
"669",1,1,1,1
"670",1,1,1,0
"671",1,0,0,1
"672",1,0,0,1
"673",1,1,1,1
"674",1,1,1,1
"675",1,1,1,0
"676",1,1,1,1
"677",1,0,1,1
"678",1,0,1,1
"679",1,0,1,1
"680",1,0,0,1
"681",1,0,1,1
"682",1,1,1,1
"683",1,1,1,1
"684",1,1,1,1
"685",1,1,1,0
"686",1,1,1,1
"687",1,0,1,1
"688",1,0,0,1
"689",1,1,1,1
"690",1,1,0,0
"691",1,1,1,1
"692",1,1,1,1
"693",1,1,1,1
"694",1,1,0,1
"695",1,0,0,0
"696",1,1,1,0
"697",1,1,1,1
"698",1,1,1,1
"699",1,0,1,1
"700",1,1,1,0
"701",1,0,1,1
"702",1,1,1,1
"703",1,0,1,1
"704",1,1,1,1
"705",1,1,1,0
"706",1,1,0,0
"707",1,1,1,1
"708",1,0,1,1
"709",1,1,1,1
"710",1,1,0,0
"711",1,1,1,1
"712",1,0,0,0
"713",1,1,1,1
"714",1,1,1,1
"715",1,0,0,1
"716",1,1,1,1
"717",1,0,1,1
"718",1,1,1,1
"719",1,1,1,1
"720",1,1,1,1
"721",1,1,1,0
"722",1,0,0,1
"723",1,1,1,1
"724",1,1,1,1
"725",1,1,1,1
"726",1,0,0,1
"727",1,1,1,1
"728",1,1,1,1
"729",1,1,1,1
"730",1,1,1,1
"731",1,1,1,1
"732",1,1,1,1
"733",1,1,0,0
"734",1,1,1,1
"735",1,1,1,1
"736",1,1,1,0
"737",1,1,1,1
"738",1,0,1,1
"739",1,1,1,1
"740",1,1,1,1
"741",1,0,1,1
"742",1,0,0,0
"743",1,1,1,1
"744",1,1,1,1
"745",1,1,1,1
"746",1,1,1,1
"747",1,1,1,1
"748",1,1,1,1
"749",1,1,1,1
"750",1,1,1,1
"751",1,0,1,1
"752",1,0,1,0
"753",1,1,1,1
"754",1,1,1,1
"755",1,1,1,1
"756",1,1,0,0
"757",1,0,1,1
"758",1,1,1,0
"759",1,1,0,1
"760",1,1,1,1
"761",1,1,1,0
"762",1,1,1,1
"763",1,1,1,1
"764",1,1,1,1
"765",1,0,1,1
"766",1,1,1,0
"767",1,1,1,1
"768",1,1,1,0
"769",1,1,1,1
"770",1,0,1,1
"771",1,1,1,0
"772",1,1,1,1
"773",1,1,1,1
"774",1,1,1,1
"775",1,1,1,1
"776",1,0,1,1
"777",1,0,0,1
"778",1,1,1,1
"779",1,1,1,0
"780",1,1,1,1
"781",1,1,1,1
"782",1,0,0,1
"783",1,0,1,1
"784",1,0,0,1
"785",1,0,0,1
"786",1,0,0,1
"787",1,1,1,0
"788",1,1,1,1
"789",1,1,1,1
"790",1,1,0,1
"791",1,1,0,1
"792",1,1,1,1
"793",1,1,1,1
"794",1,1,1,1
"795",1,0,0,1
"796",1,1,1,1
"797",1,0,0,1
"798",1,0,0,1
"799",1,1,1,0
"800",1,0,1,1
"801",1,0,0,1
"802",1,1,1,1
"803",1,1,1,1
"804",1,1,1,1
"805",1,1,1,1
"806",1,1,1,1
"807",1,1,1,1
"808",1,0,1,1
"809",1,1,1,1
"810",1,1,0,0
"811",1,0,0,1
"812",1,0,0,1
"813",1,1,1,1
"814",1,1,1,1
"815",1,1,1,1
"816",1,1,1,1
"817",1,0,1,0
"818",1,1,1,1
"819",1,1,1,1
"820",1,0,1,1
"821",1,0,1,1
"822",1,1,1,1
"823",1,1,1,1
"824",1,1,1,1
"825",1,1,1,1
"826",1,1,1,1
"827",1,1,1,1
"828",1,1,1,1
"829",1,1,1,1
"830",1,1,1,1
"831",1,1,1,1
"832",1,0,1,1
"833",1,1,1,1
"834",1,1,1,1
"835",1,0,1,1
"836",1,1,1,1
"837",1,1,1,1
"838",1,0,0,1
"839",1,0,1,1
"840",1,1,1,1
"841",1,1,1,1
"842",1,1,1,1
"843",1,1,1,1
"844",1,1,1,1
"845",1,0,0,1
"846",1,1,1,1
"847",1,1,1,1
"848",1,1,1,1
"849",1,0,0,0
"850",1,0,0,0
"851",1,1,1,1
"852",1,1,1,1
"853",1,1,1,1
"854",1,1,0,0
"855",1,1,1,1
"856",1,1,1,1
"857",1,1,1,1
"858",1,0,1,1
"859",1,0,1,1
"860",1,0,1,1
"861",1,1,1,0
"862",1,1,1,1
"863",1,0,1,1
"864",1,1,1,1
"865",1,0,1,1
"866",1,1,1,1
"867",1,1,1,1
"868",1,1,1,1
"869",1,1,1,0
"870",1,1,1,1
"871",1,1,1,0
"872",1,1,1,1
"873",1,1,1,1
"874",1,1,1,1
"875",1,1,1,1
"876",1,0,0,0
"877",1,1,0,1
"878",1,1,1,0
"879",1,1,1,1
"880",1,1,1,0
"881",1,1,1,1
"882",1,1,1,1
"883",1,1,1,0
"884",1,1,1,0
"885",1,1,0,0
"886",1,1,1,1
"887",1,1,1,1
"888",1,1,1,1
"889",1,1,1,1
"890",1,1,1,1
"891",1,1,1,1
"892",1,1,1,1
"893",1,1,1,1
"894",1,1,1,1
"895",1,1,1,1
"896",1,0,0,0
"897",1,1,0,0
"898",1,1,1,1
"899",1,1,1,0
"900",1,1,1,0
"901",1,1,1,1
"902",1,0,1,1
"903",1,0,1,1
"904",1,1,1,1
"905",1,1,1,1
"906",1,1,1,1
"907",1,1,1,0
"908",1,1,1,1
"909",1,1,1,1
"910",1,1,1,1
"911",1,1,1,1
"912",1,1,1,1
"913",1,1,1,1
"914",1,1,1,1
"915",1,1,1,1
"916",1,1,1,1
"917",1,1,1,1
"918",1,1,1,1
"919",1,1,1,1
"920",1,1,1,1
"921",1,1,1,1
"922",1,1,0,1
"923",1,1,1,1
"924",1,1,1,1
"925",1,1,1,1
"926",1,1,1,1
"927",1,1,1,1
"928",1,1,1,1
"929",1,1,1,1
"930",1,0,0,0
"931",1,0,1,1
"932",1,1,0,0
"933",1,1,1,1
"934",1,1,1,1
"935",1,1,0,1
"936",1,1,1,1
"937",1,1,1,1
"938",1,1,1,1
"939",1,1,1,1
"940",1,1,0,1
"941",1,1,0,1
"942",1,1,1,1
"943",1,1,0,0
"944",1,1,1,1
"945",1,1,0,1
"946",1,1,1,1
"947",1,1,1,1
"948",1,0,0,1
"949",1,0,1,1
"950",1,0,1,1
"951",1,0,0,1
"952",1,0,1,1
"953",1,1,1,1
"954",1,1,1,1
"955",1,0,0,0
"956",1,1,1,1
"957",1,1,1,1
"958",1,0,1,1
"959",1,1,1,1
"960",1,1,1,0
"961",1,1,1,1
"962",1,1,1,1
"963",1,1,1,1
"964",1,1,1,1
"965",1,0,1,1
"966",1,0,1,0
"967",1,1,1,1
"968",1,1,1,1
"969",1,0,0,0
"970",1,0,1,1
"971",1,1,1,0
"972",1,1,1,1
"973",1,0,0,0
"974",1,1,1,1
"975",1,0,1,1
"976",1,0,1,1
"977",1,1,1,1
"978",1,1,1,1
"979",1,1,1,0
"980",1,1,1,1
"981",1,0,1,0
"982",1,1,1,1
"983",1,1,1,1
"984",1,1,1,0
"985",1,1,1,0
"986",1,0,1,1
"987",1,1,1,1
"988",1,1,0,0
"989",1,0,0,0
"990",1,0,1,1
"991",1,1,1,0
"992",1,1,1,1
"993",1,1,1,1
"994",1,0,1,1
"995",1,1,1,1
"996",1,1,1,1
"997",1,0,1,1
"998",1,1,1,1
"999",1,1,1,0
"1000",1,1,1,1
"1001",1,1,1,1
"1002",1,1,1,1
"1003",1,1,1,1
"1004",1,1,1,1
"1005",1,1,1,1
"1006",1,0,0,1
"1007",1,0,1,1
"1008",1,1,1,1
"1009",1,0,0,0
"1010",1,1,0,1
"1011",1,0,1,1
"1012",1,0,1,1
"1013",1,1,1,1
"1014",1,1,0,0
"1015",1,1,1,1
"1016",1,0,1,1
"1017",1,1,1,1
"1018",1,1,1,1
"1019",1,0,0,0
"1020",1,0,0,0
"1021",1,1,1,0
"1022",1,0,0,0
"1023",1,1,1,1
"1024",1,0,0,0
"1025",1,1,1,1
"1026",1,1,1,1
"1027",1,1,1,1
"1028",1,0,1,1
"1029",1,1,1,1
"1030",1,0,1,1
"1031",1,1,1,1
"1032",1,1,1,1
"1033",1,1,1,1
"1034",1,0,0,0
"1035",1,0,1,1
"1036",1,0,0,0
"1037",1,1,1,1
"1038",1,1,1,0
"1039",1,1,1,1
"1040",1,1,1,0
"1041",1,1,1,1
"1042",1,0,0,1
"1043",1,1,1,1
"1044",1,0,1,1
"1045",1,1,1,1
"1046",1,0,1,1
"1047",1,1,1,1
"1048",1,1,1,1
"1049",1,0,1,1
"1050",1,0,1,1
"1051",1,1,1,1
"1052",1,1,1,1
"1053",1,0,1,1
"1054",1,1,1,1
"1055",1,1,1,1
"1056",1,1,1,1
"1057",1,1,1,1
"1058",1,0,0,1
"1059",1,1,1,0
"1060",1,1,1,1
"1061",1,1,1,1
"1062",1,0,0,0
"1063",1,1,1,1
"1064",1,1,1,1
"1065",1,1,1,1
"1066",1,1,1,1
"1067",1,1,1,1
"1068",1,0,1,1
"1069",1,1,1,1
"1070",1,1,0,0
"1071",1,1,1,1
"1072",1,1,1,1
"1073",1,1,1,0
"1074",1,1,1,1
"1075",1,1,1,1
"1076",1,1,1,1
"1077",1,1,1,0
"1078",1,0,0,1
"1079",1,0,0,0
"1080",1,1,1,1
"1081",1,1,1,1
"1082",1,0,1,1
"1083",1,1,1,1
"1084",1,0,1,1
"1085",1,1,1,1
"1086",1,0,1,1
"1087",1,1,1,1
"1088",1,1,1,1
"1089",1,1,1,1
"1090",1,0,0,0
"1091",1,1,0,0
"1092",1,1,1,1
"1093",1,1,1,1
"1094",1,0,1,1
"1095",1,1,1,0
"1096",1,1,1,0
"1097",1,1,1,0
"1098",1,1,1,1
"1099",1,1,1,1
"1100",1,1,1,1
"1101",1,1,1,1
"1102",1,1,1,1
"1103",1,0,1,1
"1104",1,1,1,1
"1105",1,1,1,1
"1106",1,1,1,1
"1107",1,1,1,1
"1108",1,1,0,1
"1109",1,1,0,1
"1110",1,1,0,0
"1111",1,1,1,1
"1112",1,1,1,1
"1113",1,1,1,1
"1114",1,1,1,1
"1115",1,1,1,1
"1116",1,1,1,0
"1117",1,1,1,1
"1118",1,1,1,1
"1119",1,1,0,0
"1120",1,0,1,1
"1121",1,1,1,1
"1122",1,1,0,0
"1123",1,1,1,1
"1124",1,1,1,1
"1125",1,1,1,1
"1126",1,0,1,1
"1127",1,0,1,1
"1128",1,1,1,1
"1129",1,1,1,1
"1130",1,0,1,1
"1131",1,1,0,0
"1132",1,1,1,1
"1133",1,0,1,0
"1134",1,0,1,1
"1135",1,0,0,1
"1136",1,0,0,1
"1137",1,1,1,1
"1138",1,1,1,0
"1139",1,0,1,1
"1140",1,1,1,0
"1141",1,1,1,1
"1142",1,0,1,1
"1143",1,1,0,1
"1144",1,1,1,1
"1145",1,1,1,1
"1146",1,1,1,0
"1147",1,1,1,1
"1148",1,1,1,1
"1149",1,0,1,1
"1150",1,1,1,1
"1151",1,1,1,1
"1152",1,1,1,1
"1153",1,1,1,1
"1154",1,1,1,1
"1155",1,1,0,1
"1156",1,1,1,1
"1157",1,1,1,1
"1158",1,1,1,1
"1159",1,0,1,1
"1160",1,0,1,0
"1161",1,1,1,1
"1162",1,0,0,1
"1163",1,1,1,1
"1164",1,1,1,1
"1165",1,1,1,1
"1166",1,1,1,1
"1167",1,1,1,1
"1168",1,1,1,1
"1169",1,1,1,1
"1170",1,1,1,1
"1171",1,1,1,1
"1172",1,1,1,1
"1173",1,1,1,0
"1174",1,1,1,1
"1175",1,1,1,1
"1176",1,1,1,1
"1177",1,0,1,1
"1178",1,0,1,1
"1179",1,1,1,0
"1180",1,1,1,1
"1181",1,0,0,1
"1182",1,1,0,0
"1183",1,1,1,1
"1184",1,1,1,1
"1185",1,0,1,1
"1186",1,1,1,0
"1187",1,1,1,1
"1188",1,1,1,1
"1189",1,0,0,0
"1190",1,1,0,1
"1191",1,1,1,1
"1192",1,1,1,1
"1193",1,1,1,1
"1194",1,0,0,1
"1195",1,0,1,1
"1196",1,1,1,1
"1197",1,1,1,1
"1198",1,1,1,0
"1199",1,1,1,1
"1200",1,1,1,1
"1201",1,1,1,1
"1202",1,1,1,0
"1203",1,1,1,1
"1204",1,0,1,1
"1205",1,1,1,1
"1206",1,0,0,0
"1207",1,1,1,1
"1208",1,1,1,1
"1209",1,1,1,1
"1210",1,1,0,0
"1211",1,1,0,0
"1212",1,0,1,1
"1213",1,0,1,1
"1214",1,1,1,1
"1215",1,1,1,1
"1216",1,1,1,1
"1217",1,0,0,0
"1218",1,1,1,1
"1219",1,0,0,0
"1220",1,0,0,1
"1221",1,1,1,0
"1222",1,1,1,1
"1223",1,0,1,0
"1224",1,1,1,1
"1225",1,1,1,0
"1226",1,1,1,1
"1227",1,1,1,1
"1228",1,1,0,0
"1229",1,1,1,0
"1230",1,1,1,1
"1231",1,1,1,1
"1232",1,1,1,0
"1233",1,1,1,1
"1234",1,1,1,1
"1235",1,1,1,1
"1236",1,1,1,1
"1237",1,1,1,1
"1238",1,1,1,0
"1239",1,1,1,1
"1240",1,0,0,0
"1241",1,1,1,1
"1242",1,1,1,1
"1243",1,1,1,1
"1244",1,1,1,1
"1245",1,1,1,1
"1246",1,1,1,1
"1247",1,1,1,1
"1248",1,1,1,1
"1249",1,0,0,1
"1250",1,1,1,1
"1251",1,1,1,1
"1252",1,1,1,1
"1253",1,0,1,1
"1254",1,1,1,1
"1255",1,0,1,1
"1256",1,1,1,1
"1257",1,1,1,1
"1258",1,1,1,1
"1259",1,1,1,0
"1260",1,1,1,0
"1261",1,0,0,1
"1262",1,1,0,0
"1263",1,1,1,0
"1264",1,0,0,1
"1265",1,0,0,1
"1266",1,1,1,1
"1267",1,0,0,1
"1268",1,1,1,1
"1269",1,1,1,0
"1270",1,1,1,1
"1271",1,0,1,0
"1272",1,1,0,0
"1273",1,1,1,1
"1274",1,1,1,1
"1275",1,1,1,1
"1276",1,1,1,0
"1277",1,1,1,0
"1278",1,0,0,1
"1279",1,1,1,0
"1280",1,1,1,1
"1281",1,1,1,1
"1282",1,1,1,1
"1283",1,1,1,1
"1284",1,0,0,1
"1285",1,1,1,1
"1286",1,1,1,0
"1287",1,0,0,1
"1288",1,1,1,1
"1289",1,0,1,1
"1290",1,1,1,1
"1291",1,0,1,1
"1292",1,0,1,1
"1293",1,0,1,1
"1294",1,1,1,1
"1295",1,0,1,0
"1296",1,0,1,1
"1297",1,0,1,1
"1298",1,0,1,1
"1299",1,1,1,0
"1300",1,1,0,0
"1301",1,0,0,1
"1302",1,1,1,1
"1303",1,1,1,1
"1304",1,0,1,1
"1305",1,1,1,1
"1306",1,0,0,0
"1307",1,1,1,1
"1308",1,1,1,1
"1309",1,1,1,1
"1310",1,1,1,1
"1311",1,1,1,1
"1312",1,0,1,1
"1313",1,1,1,1
"1314",1,0,1,1
"1315",0,1,1,0
"1316",0,1,1,0
"1317",0,1,1,1
"1318",0,1,1,1
"1319",0,1,1,1
"1320",0,1,0,0
"1321",0,1,0,1
"1322",0,1,0,0
"1323",0,1,1,0
"1324",0,1,0,0
"1325",0,1,0,0
"1326",0,1,0,1
"1327",0,1,1,0
"1328",0,1,1,0
"1329",0,1,1,0
"1330",0,1,1,1
"1331",0,1,0,0
"1332",0,1,1,1
"1333",0,1,0,0
"1334",0,1,1,0
"1335",0,1,0,0
"1336",0,1,1,1
"1337",0,1,1,0
"1338",0,1,0,0
"1339",0,1,1,1
"1340",0,1,1,0
"1341",0,1,0,0
"1342",0,1,0,0
"1343",0,1,0,0
"1344",0,1,0,0
"1345",0,1,1,0
"1346",0,1,1,1
"1347",0,1,0,1
"1348",0,1,1,1
"1349",0,1,1,1
"1350",0,1,1,0
"1351",0,1,1,0
"1352",0,1,0,0
"1353",0,1,1,1
"1354",0,1,0,0
"1355",0,1,1,0
"1356",0,1,0,0
"1357",0,1,0,0
"1358",0,1,0,0
"1359",0,1,0,0
"1360",0,1,0,0
"1361",0,1,1,0
"1362",0,1,1,0
"1363",0,1,1,1
"1364",0,1,1,0
"1365",0,1,1,0
"1366",0,1,0,0
"1367",0,1,1,0
"1368",0,1,0,0
"1369",0,1,1,1
"1370",0,1,0,0
"1371",0,1,1,1
"1372",0,1,1,1
"1373",0,1,0,0
"1374",0,1,1,0
"1375",0,1,1,0
"1376",0,1,0,0
"1377",0,1,1,1
"1378",0,1,1,0
"1379",0,1,1,0
"1380",0,1,1,0
"1381",0,1,0,0
"1382",0,1,1,1
"1383",0,1,1,1
"1384",0,1,1,1
"1385",0,1,1,0
"1386",0,1,1,1
"1387",0,1,0,0
"1388",0,1,1,1
"1389",0,1,0,0
"1390",0,1,1,1
"1391",0,1,1,0
"1392",0,1,0,0
"1393",0,1,1,1
"1394",0,1,1,1
"1395",0,1,0,1
"1396",0,1,1,0
"1397",0,1,1,1
"1398",0,1,0,1
"1399",0,1,0,0
"1400",0,1,1,0
"1401",0,1,0,0
"1402",0,1,1,0
"1403",0,1,1,0
"1404",0,1,0,0
"1405",0,1,1,1
"1406",0,1,0,0
"1407",0,1,1,0
"1408",0,1,0,0
"1409",0,1,0,0
"1410",0,1,1,0
"1411",0,1,0,0
"1412",0,1,0,0
"1413",0,1,0,0
"1414",0,1,1,1
"1415",0,1,0,0
"1416",0,1,1,1
"1417",0,1,1,1
"1418",0,1,0,0
"1419",0,1,0,0
"1420",0,1,0,0
"1421",0,1,0,0
"1422",0,1,1,1
"1423",0,1,1,0
"1424",0,1,0,0
"1425",0,1,0,1
"1426",0,1,0,0
"1427",0,1,1,1
"1428",0,1,1,0
"1429",0,1,0,0
"1430",0,1,1,1
"1431",0,1,0,0
"1432",0,1,0,0
"1433",0,1,1,1
"1434",0,1,1,1
"1435",0,1,1,0
"1436",0,1,0,0
"1437",0,1,1,0
"1438",0,1,1,0
"1439",0,1,0,1
"1440",0,1,0,0
"1441",0,1,1,1
"1442",0,1,0,0
"1443",0,1,0,0
"1444",0,1,1,1
"1445",0,1,1,1
"1446",0,1,1,0
"1447",0,1,1,0
"1448",0,1,1,0
"1449",0,1,0,1
"1450",0,1,1,0
"1451",0,1,1,1
"1452",0,1,1,1
"1453",0,1,0,0
"1454",0,1,1,1
"1455",0,1,0,0
"1456",0,1,1,0
"1457",0,1,0,0
"1458",0,1,1,0
"1459",0,1,1,1
"1460",0,1,1,0
"1461",0,1,1,1
"1462",0,1,0,0
"1463",0,1,1,0
"1464",0,1,0,0
"1465",0,1,1,0
"1466",0,1,0,0
"1467",0,1,0,0
"1468",0,1,0,0
"1469",0,1,1,0
"1470",0,1,1,1
"1471",0,1,1,0
"1472",0,1,1,0
"1473",0,1,1,1
"1474",0,1,1,0
"1475",0,1,1,1
"1476",0,1,1,0
"1477",0,1,0,0
"1478",0,1,0,1
"1479",0,1,1,0
"1480",0,1,1,1
"1481",0,1,1,0
"1482",0,1,0,0
"1483",0,1,1,1
"1484",0,1,0,0
"1485",0,1,1,0
"1486",0,1,0,1
"1487",0,1,1,0
"1488",0,1,1,1
"1489",0,1,0,0
"1490",0,1,0,0
"1491",0,1,1,1
"1492",0,1,0,1
"1493",0,1,1,1
"1494",0,1,1,1
"1495",0,1,0,1
"1496",0,1,1,0
"1497",0,1,0,0
"1498",0,1,1,1
"1499",0,1,1,1
"1500",0,1,1,1
"1501",0,1,0,1
"1502",0,1,0,0
"1503",0,1,1,0
"1504",0,1,0,0
"1505",0,1,1,0
"1506",0,1,1,0
"1507",0,1,0,0
"1508",0,1,1,1
"1509",0,1,1,1
"1510",0,1,0,0
"1511",0,1,0,0
"1512",0,1,0,0
"1513",0,1,0,1
"1514",0,1,0,0
"1515",0,1,0,1
"1516",0,1,1,1
"1517",0,1,0,1
"1518",0,1,1,1
"1519",0,1,0,0
"1520",0,1,0,0
"1521",0,1,0,0
"1522",0,1,0,0
"1523",0,1,1,0
"1524",0,1,0,0
"1525",0,1,1,1
"1526",0,1,0,0
"1527",0,1,1,1
"1528",0,1,0,0
"1529",0,1,0,0
"1530",0,1,1,0
"1531",0,1,1,1
"1532",0,1,1,0
"1533",0,1,1,1
"1534",0,1,0,0
"1535",0,1,1,0
"1536",0,1,0,0
"1537",0,1,0,1
"1538",0,1,1,0
"1539",0,1,0,0
"1540",0,1,0,0
"1541",0,1,1,1
"1542",0,1,1,0
"1543",0,1,0,1
"1544",0,1,1,0
"1545",0,1,1,0
"1546",0,1,1,0
"1547",0,1,0,0
"1548",0,1,1,0
"1549",0,1,1,0
"1550",0,1,1,0
"1551",0,1,1,0
"1552",0,1,0,0
"1553",0,1,0,0
"1554",0,1,0,0
"1555",0,1,1,1
"1556",0,1,1,0
"1557",0,1,0,1
"1558",0,1,0,0
"1559",0,1,0,0
"1560",0,1,0,0
"1561",0,1,0,0
"1562",0,1,0,0
"1563",0,1,1,1
"1564",0,1,0,0
"1565",0,1,1,1
"1566",0,1,0,0
"1567",0,1,0,1
"1568",0,1,1,0
"1569",0,1,0,0
"1570",0,1,0,0
"1571",0,1,1,1
"1572",0,1,0,0
"1573",0,1,0,0
"1574",0,1,0,0
"1575",0,1,0,0
"1576",0,1,1,1
"1577",0,1,0,0
"1578",0,1,1,0
"1579",0,1,1,0
"1580",0,1,0,1
"1581",0,1,1,1
"1582",0,1,1,1
"1583",0,1,1,1
"1584",0,1,1,0
"1585",0,1,1,0
"1586",0,1,1,0
"1587",0,1,0,0
"1588",0,1,1,1
"1589",0,1,1,1
"1590",0,1,1,0
"1591",0,1,0,0
"1592",0,1,0,0
"1593",0,1,0,0
"1594",0,1,1,1
"1595",0,1,0,0
"1596",0,1,0,0
"1597",0,1,1,0
"1598",0,1,1,1
"1599",0,1,0,0
"1600",0,1,0,0
"1601",0,1,0,0
"1602",0,1,0,0
"1603",0,1,0,0
"1604",0,1,1,0
"1605",0,1,0,0
"1606",0,1,1,1
"1607",0,1,1,1
"1608",0,1,1,0
"1609",0,1,1,0
"1610",0,1,1,1
"1611",0,1,0,0
"1612",0,1,1,0
"1613",0,1,0,0
"1614",0,1,0,0
"1615",0,1,0,0
"1616",0,1,0,0
"1617",0,1,1,0
"1618",0,1,1,1
"1619",0,1,0,0
"1620",0,1,0,0
"1621",0,1,0,0
"1622",0,1,0,0
"1623",0,1,1,0
"1624",0,1,0,0
"1625",0,1,1,0
"1626",0,1,1,0
"1627",0,1,1,1
"1628",0,1,0,0
"1629",0,1,0,0
"1630",0,1,0,0
"1631",0,1,1,1
"1632",0,1,0,1
"1633",0,1,1,1
"1634",0,1,0,0
"1635",0,1,0,0
"1636",0,1,0,1
"1637",0,1,0,0
"1638",0,1,1,0
"1639",0,1,1,0
"1640",0,1,0,1
"1641",0,1,1,1
"1642",0,1,1,1
"1643",0,1,0,0
"1644",0,1,1,0
"1645",0,1,1,0
"1646",0,1,1,1
"1647",0,1,0,0
"1648",0,1,1,0
"1649",0,1,1,0
"1650",0,1,1,0
"1651",0,1,1,0
"1652",0,1,0,0
"1653",0,1,0,0
"1654",0,1,0,0
"1655",0,1,0,0
"1656",0,1,1,0
"1657",0,1,1,1
"1658",0,1,0,0
"1659",0,1,0,0
"1660",0,1,1,0
"1661",0,1,1,1
"1662",0,1,0,0
"1663",0,1,1,1
"1664",0,1,1,1
"1665",0,1,1,0
"1666",0,1,0,0
"1667",0,1,0,0
"1668",0,1,1,0
"1669",0,1,1,1
"1670",0,1,0,0
"1671",0,1,1,0
"1672",0,1,1,0
"1673",0,1,0,0
"1674",0,1,1,0
"1675",0,1,0,1
"1676",0,1,1,0
"1677",0,1,1,1
"1678",0,1,0,0
"1679",0,1,1,1
"1680",0,1,0,0
"1681",0,1,0,0
"1682",0,1,1,0
"1683",0,1,0,0
"1684",0,1,1,0
"1685",0,1,0,0
"1686",0,1,0,1
"1687",0,1,1,0
"1688",0,1,0,0
"1689",0,1,0,0
"1690",0,1,0,0
"1691",0,1,0,0
"1692",0,1,1,0
"1693",0,1,0,0
"1694",0,1,0,0
"1695",0,1,0,1
"1696",0,1,1,0
"1697",0,1,1,0
"1698",0,1,1,0
"1699",0,1,0,1
"1700",0,1,0,0
"1701",0,1,0,1
"1702",0,1,1,1
"1703",0,1,1,0
"1704",0,1,1,0
"1705",0,1,0,0
"1706",0,1,0,0
"1707",0,1,1,1
"1708",0,1,0,0
"1709",0,1,1,0
"1710",0,1,1,1
"1711",0,1,0,0
"1712",0,1,1,0
"1713",0,1,0,0
"1714",0,1,0,0
"1715",0,1,0,0
"1716",0,1,0,0
"1717",0,1,1,0
"1718",0,1,0,0
"1719",0,1,0,1
"1720",0,1,0,0
"1721",0,1,1,0
"1722",0,1,1,0
"1723",0,1,1,1
"1724",0,1,0,0
"1725",0,1,1,1
"1726",0,1,1,1
"1727",0,1,1,1
"1728",0,1,1,1
"1729",0,1,0,0
"1730",0,1,0,0
"1731",0,1,0,1
"1732",0,1,1,0
"1733",0,1,1,0
"1734",0,1,1,0
"1735",0,1,1,0
"1736",0,1,0,0
"1737",0,1,0,0
"1738",0,1,0,0
"1739",0,1,0,0
"1740",0,1,0,0
"1741",0,1,0,0
"1742",0,1,1,1
"1743",0,1,1,0
"1744",0,1,1,0
"1745",0,1,1,1
"1746",0,1,0,1
"1747",0,1,1,0
"1748",0,1,0,0
"1749",0,1,1,0
"1750",0,1,1,0
"1751",0,1,0,0
"1752",0,1,0,0
"1753",0,1,1,0
"1754",0,1,1,1
"1755",0,1,1,1
"1756",0,1,0,1
"1757",0,1,0,0
"1758",0,1,0,0
"1759",0,1,1,0
"1760",0,1,0,0
"1761",0,1,0,0
"1762",0,1,1,1
"1763",0,1,1,0
"1764",0,1,0,1
"1765",0,1,0,0
"1766",0,1,0,0
"1767",0,1,0,0
"1768",0,1,1,0
"1769",0,1,1,0
"1770",0,1,1,1
"1771",0,1,1,0
"1772",0,1,1,1
"1773",0,1,0,0
"1774",0,1,0,1
"1775",0,1,0,0
"1776",0,1,0,0
"1777",0,1,0,0
"1778",0,1,0,0
"1779",0,1,1,1
"1780",0,1,0,0
"1781",0,1,1,1
"1782",0,1,0,0
"1783",0,1,1,0
"1784",0,1,1,1
"1785",0,1,1,1
"1786",0,1,1,1
"1787",0,1,1,1
"1788",0,1,1,1
"1789",0,1,1,0
"1790",0,1,0,0
"1791",0,1,1,1
"1792",0,1,1,0
"1793",0,1,0,0
"1794",0,1,1,1
"1795",0,1,1,1
"1796",0,1,0,1
"1797",0,1,0,0
"1798",0,1,1,1
"1799",0,1,0,0
"1800",0,1,0,0
"1801",0,1,1,0
"1802",0,1,0,0
"1803",0,1,1,1
"1804",0,1,0,0
"1805",0,1,0,0
"1806",0,1,1,1
"1807",0,1,1,1
"1808",0,1,0,0
"1809",0,1,0,0
"1810",0,1,0,0
"1811",0,1,0,0
"1812",0,1,0,1
"1813",0,1,0,0
"1814",0,1,0,0
"1815",0,1,1,0
"1816",0,1,1,0
"1817",0,1,1,1
"1818",0,1,0,0
"1819",0,1,0,0
"1820",0,1,1,0
"1821",0,1,1,0
"1822",0,1,1,1
"1823",0,1,0,0
"1824",0,1,0,0
"1825",0,1,1,1
"1826",0,1,0,0
"1827",0,1,1,0
"1828",0,1,1,0
"1829",0,1,0,0
"1830",0,1,0,1
"1831",0,1,0,0
"1832",0,1,0,0
"1833",0,1,0,0
"1834",0,1,1,0
"1835",0,1,1,0
"1836",0,1,0,0
"1837",0,1,1,0
"1838",0,1,0,0
"1839",0,1,0,1
"1840",0,1,1,1
"1841",0,1,0,0
"1842",0,1,0,1
"1843",0,1,0,0
"1844",0,1,0,0
"1845",0,1,1,0
"1846",0,1,1,0
"1847",0,1,1,0
"1848",0,1,0,0
"1849",0,1,0,1
"1850",0,1,0,0
"1851",0,1,1,0
"1852",0,1,0,0
"1853",0,1,1,0
"1854",0,1,1,0
"1855",0,1,1,1
"1856",0,1,1,1
"1857",0,1,0,0
"1858",0,1,0,0
"1859",0,1,0,0
"1860",0,1,0,0
"1861",0,1,1,0
"1862",0,1,1,1
"1863",0,1,1,0
"1864",0,1,0,0
"1865",0,1,0,0
"1866",0,1,1,1
"1867",0,1,0,0
"1868",0,1,1,0
"1869",0,1,0,0
"1870",0,1,0,0
"1871",0,1,0,0
"1872",0,1,1,0
"1873",0,1,1,1
"1874",0,1,1,0
"1875",0,1,1,0
"1876",0,1,0,0
"1877",0,1,0,0
"1878",0,1,0,0
"1879",0,1,1,0
"1880",0,1,1,0
"1881",0,1,0,0
"1882",0,1,0,0
"1883",0,1,0,0
"1884",0,1,1,1
"1885",0,1,0,0
"1886",0,1,1,1
"1887",0,1,1,1
"1888",0,1,0,0
"1889",0,1,1,1
"1890",0,1,0,0
"1891",0,1,0,1
"1892",0,1,0,0
"1893",0,1,0,0
"1894",0,1,0,1
"1895",0,1,0,1
"1896",0,1,1,1
"1897",0,1,1,0
"1898",0,1,1,0
"1899",0,1,1,0
"1900",0,1,1,0
"1901",0,1,1,0
"1902",0,1,0,1
"1903",0,1,1,1
"1904",0,1,0,0
"1905",0,1,0,0
"1906",0,1,1,0
"1907",0,1,1,1
"1908",0,1,1,1
"1909",0,1,1,0
"1910",0,1,1,0
"1911",0,1,1,1
"1912",0,1,1,1
"1913",0,1,1,1
"1914",0,1,1,1
"1915",0,1,1,0
"1916",0,1,1,1
"1917",0,1,0,0
"1918",0,1,1,0
"1919",0,1,1,0
"1920",0,1,1,0
"1921",0,1,0,0
"1922",0,1,0,0
"1923",0,1,0,0
"1924",0,1,0,0
"1925",0,1,0,0
"1926",0,1,0,0
"1927",0,1,0,0
"1928",0,1,1,1
"1929",0,1,0,0
"1930",0,1,1,0
"1931",0,1,1,0
"1932",0,1,0,0
"1933",0,1,1,0
"1934",0,1,1,1
"1935",0,1,0,0
"1936",0,1,1,1
"1937",0,1,1,1
"1938",0,1,0,0
"1939",0,1,0,0
"1940",0,1,1,0
"1941",0,1,0,0
"1942",0,1,0,0
"1943",0,1,0,0
"1944",0,1,1,0
"1945",0,1,1,0
"1946",0,1,1,1
"1947",0,1,1,0
"1948",0,1,1,0
"1949",0,1,1,0
"1950",0,1,1,1
"1951",0,1,0,0
"1952",0,1,1,1
"1953",0,1,0,0
"1954",0,1,0,0
"1955",0,1,0,0
"1956",0,1,0,0
"1957",0,1,1,0
"1958",0,1,0,0
"1959",0,1,0,0
"1960",0,1,0,1
"1961",0,1,1,1
"1962",0,1,1,1
"1963",0,1,0,0
"1964",0,1,0,0
"1965",0,1,1,1
"1966",0,1,0,0
"1967",0,1,1,0
"1968",0,1,0,0
"1969",0,1,1,1
"1970",0,1,0,0
"1971",0,1,0,0
"1972",0,1,0,0
"1973",0,1,0,0
"1974",0,1,0,0
"1975",0,1,1,0
"1976",0,1,0,0
"1977",0,1,0,0
"1978",0,1,1,0
"1979",0,1,0,0
"1980",0,1,0,0
"1981",0,1,1,0
"1982",0,1,0,0
"1983",0,1,1,0
"1984",0,1,0,0
"1985",0,1,0,1
"1986",0,1,1,1
"1987",0,1,0,0
"1988",0,1,1,0
"1989",0,1,0,0
"1990",0,1,0,0
"1991",0,1,0,0
"1992",0,1,1,1
"1993",0,1,0,0
"1994",0,1,1,1
"1995",0,1,1,0
"1996",0,1,0,0
"1997",0,1,1,1
"1998",0,1,0,0
"1999",0,1,0,0
"2000",0,1,0,0
"2001",0,1,1,0
"2002",0,1,0,0
"2003",0,1,1,0
"2004",0,1,0,1
"2005",0,1,1,1
"2006",0,1,0,1
"2007",0,1,0,0
"2008",0,1,0,0
"2009",0,1,1,1
"2010",0,1,1,1
"2011",0,1,0,1
"2012",0,1,1,1
"2013",0,1,1,0
"2014",0,1,0,0
"2015",0,1,0,0
"2016",0,1,1,1
"2017",0,1,1,1
"2018",0,1,1,0
"2019",0,1,0,1
"2020",0,1,0,1
"2021",0,1,1,0
"2022",0,1,1,0
"2023",0,1,1,1
"2024",0,1,1,0
"2025",0,1,1,1
"2026",0,1,1,1
"2027",0,1,0,0
"2028",0,1,1,0
"2029",0,1,0,0
"2030",0,1,1,0
"2031",0,1,0,0
"2032",0,1,0,0
"2033",0,1,0,0
"2034",0,1,1,1
"2035",0,1,0,0
"2036",0,1,0,0
"2037",0,1,1,0
"2038",0,1,0,1
"2039",0,1,1,1
"2040",0,1,0,0
"2041",0,1,1,0
"2042",0,1,1,1
"2043",0,1,1,0
"2044",0,1,1,1
"2045",0,1,1,0
"2046",0,1,0,0
"2047",0,1,0,0
"2048",0,1,1,0
"2049",0,1,0,0
"2050",0,1,0,0
"2051",0,1,1,0
"2052",0,1,1,1
"2053",0,1,1,0
"2054",0,1,1,0
"2055",0,1,0,1
"2056",0,1,1,1
"2057",0,1,1,1
"2058",0,1,0,0
"2059",0,1,0,0
"2060",0,1,1,1
"2061",0,1,1,1
"2062",0,1,1,0
"2063",0,1,0,0
"2064",0,1,1,0
"2065",0,1,1,1
"2066",0,1,0,0
"2067",0,1,1,1
"2068",0,1,1,1
"2069",0,1,0,0
"2070",0,1,1,0
"2071",0,1,1,0
"2072",0,1,0,0
"2073",0,1,0,0
"2074",0,1,0,0
"2075",0,1,0,0
"2076",0,1,0,0
"2077",0,1,0,0
"2078",0,1,0,0
"2079",0,1,1,0
"2080",0,1,0,1
"2081",0,1,1,0
"2082",0,1,1,0
"2083",0,1,1,1
"2084",0,1,1,0
"2085",0,1,0,0
"2086",0,1,0,0
"2087",0,1,0,0
"2088",0,1,1,1
"2089",0,1,1,1
"2090",0,1,0,0
"2091",0,1,0,0
"2092",0,1,0,0
"2093",0,1,0,0
"2094",0,1,0,0
"2095",0,1,1,0
"2096",0,1,0,1
"2097",0,1,0,0
"2098",0,1,0,0
"2099",0,1,1,0
"2100",0,1,1,1
"2101",0,1,0,0
"2102",0,1,1,0
"2103",0,1,0,0
"2104",0,1,1,0
"2105",0,1,0,0
"2106",0,1,1,0
"2107",0,1,1,1
"2108",0,1,1,1
"2109",0,1,1,1
"2110",0,1,1,0
"2111",0,1,1,0
"2112",0,1,1,0
"2113",0,1,1,1
"2114",0,1,1,1
"2115",0,1,0,1
"2116",0,1,1,1
"2117",0,1,1,0
"2118",0,1,1,0
"2119",0,1,0,1
"2120",0,1,1,1
"2121",0,1,1,0
"2122",0,1,1,1
"2123",0,1,0,0
"2124",0,1,1,0
"2125",0,1,1,1
"2126",0,1,0,0
"2127",0,1,1,0
"2128",0,1,0,0
"2129",0,1,1,1
"2130",0,1,0,0
"2131",0,1,1,0
"2132",0,1,1,1
"2133",0,1,0,0
"2134",0,1,1,0
"2135",0,1,0,0
"2136",0,1,1,0
"2137",0,1,1,0
"2138",0,1,1,1
"2139",0,1,0,0
"2140",0,1,1,1
"2141",0,1,0,0
"2142",0,1,1,1
"2143",0,1,0,1
"2144",0,1,0,0
"2145",0,1,1,1
"2146",0,1,0,0
"2147",0,1,1,1
"2148",0,1,1,1
"2149",0,1,0,0
"2150",0,1,0,0
"2151",0,1,1,1
"2152",0,1,1,1
"2153",0,1,1,1
"2154",0,1,0,1
"2155",0,1,0,0
"2156",0,1,1,0
"2157",0,1,1,1
"2158",0,1,0,0
"2159",0,1,0,0
"2160",0,1,1,0
"2161",0,1,0,1
"2162",0,1,1,0
"2163",0,1,0,0
"2164",0,1,1,1
"2165",0,1,0,0
"2166",0,1,1,1
"2167",0,1,0,0
"2168",0,1,1,1
"2169",0,1,1,0
"2170",0,1,0,1
"2171",0,1,0,0
"2172",0,1,0,0
"2173",0,1,0,0
"2174",0,1,1,0
"2175",0,1,0,0
"2176",0,1,1,0
"2177",0,1,1,0
"2178",0,1,1,1
"2179",0,1,1,0
"2180",0,1,1,0
"2181",0,1,0,0
"2182",0,1,0,0
"2183",0,1,1,1
"2184",0,1,0,0
"2185",0,1,0,0
"2186",0,1,0,0
"2187",0,1,0,0
"2188",0,1,1,0
"2189",0,1,0,0
"2190",0,1,0,0
"2191",0,1,1,0
"2192",0,1,1,1
"2193",0,1,1,0
"2194",0,1,1,1
"2195",0,1,1,0
"2196",0,1,0,0
"2197",0,1,1,0
"2198",0,1,1,1
"2199",0,1,1,1
"2200",0,1,1,1
"2201",0,1,1,0
"2202",0,1,1,0
"2203",0,1,1,1
"2204",0,1,1,0
"2205",0,1,1,0
"2206",0,1,0,0
"2207",0,1,0,0
"2208",0,1,1,0
"2209",0,1,0,1
"2210",0,1,1,0
"2211",0,1,0,0
"2212",0,1,1,0
"2213",0,1,1,1
"2214",0,1,1,0
"2215",0,1,1,0
"2216",0,1,1,1
"2217",0,1,1,1
"2218",0,1,0,0
"2219",0,1,1,1
"2220",0,1,1,0
"2221",0,1,0,0
"2222",0,1,1,0
"2223",0,1,0,0
"2224",0,1,1,0
"2225",0,1,0,0
"2226",0,1,0,0
"2227",0,1,0,0
"2228",0,1,0,0
"2229",0,1,1,1
"2230",0,1,0,0
"2231",0,1,0,0
"2232",0,1,0,0
"2233",0,1,0,0
"2234",0,1,1,0
"2235",0,1,1,1
"2236",0,1,1,0
"2237",0,1,1,0
"2238",0,1,0,0
"2239",0,1,1,1
"2240",0,1,1,1
"2241",0,1,0,0
"2242",0,1,1,1
"2243",0,1,1,1
"2244",0,1,1,0
"2245",0,1,1,1
"2246",0,1,1,0
"2247",0,1,0,0
"2248",0,1,0,0
"2249",0,1,1,1
"2250",0,1,1,1
"2251",0,1,0,0
"2252",0,1,1,0
"2253",0,1,1,0
"2254",0,1,1,0
"2255",0,1,1,0
"2256",0,1,0,1
"2257",0,1,0,0
"2258",0,1,1,1
"2259",0,1,1,0
"2260",0,1,1,0
"2261",0,1,0,0
"2262",0,1,1,0
"2263",0,1,1,1
"2264",0,1,1,0
"2265",0,1,0,0
"2266",0,1,1,0
"2267",0,1,1,1
"2268",0,1,1,0
"2269",0,1,0,0
"2270",0,1,0,0
"2271",0,1,0,0
"2272",0,1,0,0
"2273",0,1,0,0
"2274",0,1,0,0
"2275",0,1,0,0
"2276",0,1,0,0
"2277",0,1,0,0
"2278",0,1,0,0
"2279",0,1,0,0
"2280",0,1,1,0
"2281",0,1,0,0
"2282",0,1,0,0
"2283",0,1,1,0
"2284",0,1,1,0
"2285",0,1,0,0
"2286",0,1,0,0
"2287",0,1,0,0
"2288",0,1,1,0
"2289",0,1,1,1
"2290",0,1,0,0
"2291",0,1,0,0
"2292",0,1,1,0
"2293",0,1,1,1
"2294",0,1,0,0
"2295",0,1,1,0
"2296",0,1,1,0
"2297",0,1,0,0
"2298",0,1,1,0
"2299",0,1,0,0
"2300",0,1,1,0
"2301",0,1,1,0
"2302",0,1,0,0
"2303",0,1,0,0
"2304",0,1,1,0
"2305",0,1,1,0
"2306",0,1,1,0
"2307",0,1,1,0
"2308",0,1,0,0
"2309",0,1,1,0
"2310",0,1,1,0
"2311",0,1,0,0
"2312",0,1,1,0
"2313",0,1,1,1
"2314",0,1,1,1
"2315",0,1,0,0
"2316",0,1,0,0
"2317",0,1,0,0
"2318",0,1,0,0
"2319",0,1,1,1
"2320",0,0,1,1
"2321",0,0,1,1
"2322",0,0,1,1
"2323",0,0,1,1
"2324",0,0,1,0
"2325",0,0,1,1
"2326",0,0,1,1
"2327",0,0,1,1
"2328",0,0,1,1
"2329",0,0,1,1
"2330",0,0,1,0
"2331",0,0,1,1
"2332",0,0,1,1
"2333",0,0,1,0
"2334",0,0,1,1
"2335",0,0,1,0
"2336",0,0,1,0
"2337",0,0,1,0
"2338",0,0,1,1
"2339",0,0,1,1
"2340",0,0,1,0
"2341",0,0,1,1
"2342",0,0,1,1
"2343",0,0,1,1
"2344",0,0,1,0
"2345",0,0,1,1
"2346",0,0,1,0
"2347",0,0,1,0
"2348",0,0,1,0
"2349",0,0,1,1
"2350",0,0,1,1
"2351",0,0,1,1
"2352",0,0,1,0
"2353",0,0,1,1
"2354",0,0,1,1
"2355",0,0,1,1
"2356",0,0,1,1
"2357",0,0,1,1
"2358",0,0,1,0
"2359",0,0,1,1
"2360",0,0,1,1
"2361",0,0,1,1
"2362",0,0,1,0
"2363",0,0,1,1
"2364",0,0,1,0
"2365",0,0,1,0
"2366",0,0,1,1
"2367",0,0,1,0
"2368",0,0,1,0
"2369",0,0,1,1
"2370",0,0,1,1
"2371",0,0,1,0
"2372",0,0,1,1
"2373",0,0,1,1
"2374",0,0,1,1
"2375",0,0,1,0
"2376",0,0,1,0
"2377",0,0,1,0
"2378",0,0,1,1
"2379",0,0,1,0
"2380",0,0,1,0
"2381",0,0,1,1
"2382",0,0,1,0
"2383",0,0,1,1
"2384",0,0,1,1
"2385",0,0,1,0
"2386",0,0,1,0
"2387",0,0,1,1
"2388",0,0,1,1
"2389",0,0,1,1
"2390",0,0,1,1
"2391",0,0,1,0
"2392",0,0,1,1
"2393",0,0,1,0
"2394",0,0,1,1
"2395",0,0,1,1
"2396",0,0,1,1
"2397",0,0,1,0
"2398",0,0,1,1
"2399",0,0,1,0
"2400",0,0,1,0
"2401",0,0,1,1
"2402",0,0,1,1
"2403",0,0,1,0
"2404",0,0,1,1
"2405",0,0,1,0
"2406",0,0,1,1
"2407",0,0,1,0
"2408",0,0,1,0
"2409",0,0,1,0
"2410",0,0,1,1
"2411",0,0,1,0
"2412",0,0,1,1
"2413",0,0,1,0
"2414",0,0,1,1
"2415",0,0,1,1
"2416",0,0,1,0
"2417",0,0,1,1
"2418",0,0,1,1
"2419",0,0,1,1
"2420",0,0,1,1
"2421",0,0,1,1
"2422",0,0,1,0
"2423",0,0,1,1
"2424",0,0,1,0
"2425",0,0,1,1
"2426",0,0,1,1
"2427",0,0,1,1
"2428",0,0,1,1
"2429",0,0,1,1
"2430",0,0,1,0
"2431",0,0,1,0
"2432",0,0,1,1
"2433",0,0,1,0
"2434",0,0,1,1
"2435",0,0,1,0
"2436",0,0,1,1
"2437",0,0,1,1
"2438",0,0,1,1
"2439",0,0,1,1
"2440",0,0,1,1
"2441",0,0,1,0
"2442",0,0,1,1
"2443",0,0,1,0
"2444",0,0,1,1
"2445",0,0,1,1
"2446",0,0,1,1
"2447",0,0,1,0
"2448",0,0,1,0
"2449",0,0,1,1
"2450",0,0,1,0
"2451",0,0,1,1
"2452",0,0,1,1
"2453",0,0,1,1
"2454",0,0,1,1
"2455",0,0,1,1
"2456",0,0,1,0
"2457",0,0,1,1
"2458",0,0,1,0
"2459",0,0,1,0
"2460",0,0,1,1
"2461",0,0,1,1
"2462",0,0,1,1
"2463",0,0,1,1
"2464",0,0,1,1
"2465",0,0,1,1
"2466",0,0,1,0
"2467",0,0,1,1
"2468",0,0,1,1
"2469",0,0,1,0
"2470",0,0,1,1
"2471",0,0,1,1
"2472",0,0,1,0
"2473",0,0,1,0
"2474",0,0,1,1
"2475",0,0,1,0
"2476",0,0,1,1
"2477",0,0,1,1
"2478",0,0,1,0
"2479",0,0,1,0
"2480",0,0,1,0
"2481",0,0,1,0
"2482",0,0,1,1
"2483",0,0,1,0
"2484",0,0,1,1
"2485",0,0,1,1
"2486",0,0,1,0
"2487",0,0,1,0
"2488",0,0,1,1
"2489",0,0,1,0
"2490",0,0,1,1
"2491",0,0,1,1
"2492",0,0,1,1
"2493",0,0,1,1
"2494",0,0,1,1
"2495",0,0,1,1
"2496",0,0,1,1
"2497",0,0,1,1
"2498",0,0,1,0
"2499",0,0,1,1
"2500",0,0,1,1
"2501",0,0,1,1
"2502",0,0,1,1
"2503",0,0,1,0
"2504",0,0,1,1
"2505",0,0,1,1
"2506",0,0,1,0
"2507",0,0,1,1
"2508",0,0,1,1
"2509",0,0,1,1
"2510",0,0,1,0
"2511",0,0,1,0
"2512",0,0,1,0
"2513",0,0,1,0
"2514",0,0,1,1
"2515",0,0,1,1
"2516",0,0,1,1
"2517",0,0,1,0
"2518",0,0,1,1
"2519",0,0,1,1
"2520",0,0,1,0
"2521",0,0,1,1
"2522",0,0,1,1
"2523",0,0,1,1
"2524",0,0,1,0
"2525",0,0,1,1
"2526",0,0,1,1
"2527",0,0,1,1
"2528",0,0,1,1
"2529",0,0,1,1
"2530",0,0,1,1
"2531",0,0,1,1
"2532",0,0,1,1
"2533",0,0,1,1
"2534",0,0,1,1
"2535",0,0,1,1
"2536",0,0,1,0
"2537",0,0,1,1
"2538",0,0,1,1
"2539",0,0,1,0
"2540",0,0,1,1
"2541",0,0,1,1
"2542",0,0,1,0
"2543",0,0,1,1
"2544",0,0,1,1
"2545",0,0,1,1
"2546",0,0,1,1
"2547",0,0,1,1
"2548",0,0,1,0
"2549",0,0,1,0
"2550",0,0,1,1
"2551",0,0,1,1
"2552",0,0,1,1
"2553",0,0,1,0
"2554",0,0,1,0
"2555",0,0,1,1
"2556",0,0,1,0
"2557",0,0,1,0
"2558",0,0,1,1
"2559",0,0,1,0
"2560",0,0,1,1
"2561",0,0,1,0
"2562",0,0,1,1
"2563",0,0,1,0
"2564",0,0,1,1
"2565",0,0,1,0
"2566",0,0,1,1
"2567",0,0,1,0
"2568",0,0,1,0
"2569",0,0,1,1
"2570",0,0,1,1
"2571",0,0,1,1
"2572",0,0,1,0
"2573",0,0,1,0
"2574",0,0,1,1
"2575",0,0,1,0
"2576",0,0,1,1
"2577",0,0,1,1
"2578",0,0,1,0
"2579",0,0,1,1
"2580",0,0,1,0
"2581",0,0,1,1
"2582",0,0,1,0
"2583",0,0,1,1
"2584",0,0,1,1
"2585",0,0,1,0
"2586",0,0,1,1
"2587",0,0,1,1
"2588",0,0,1,1
"2589",0,0,1,0
"2590",0,0,1,1
"2591",0,0,1,1
"2592",0,0,1,1
"2593",0,0,1,0
"2594",0,0,1,0
"2595",0,0,1,1
"2596",0,0,1,1
"2597",0,0,1,1
"2598",0,0,1,1
"2599",0,0,1,1
"2600",0,0,1,0
"2601",0,0,1,1
"2602",0,0,1,0
"2603",0,0,1,0
"2604",0,0,1,1
"2605",0,0,1,0
"2606",0,0,1,0
"2607",0,0,1,0
"2608",0,0,1,1
"2609",0,0,1,0
"2610",0,0,1,0
"2611",0,0,1,1
"2612",0,0,1,1
"2613",0,0,1,0
"2614",0,0,1,1
"2615",0,0,1,1
"2616",0,0,1,1
"2617",0,0,1,1
"2618",0,0,1,1
"2619",0,0,1,1
"2620",0,0,1,1
"2621",0,0,1,1
"2622",0,0,1,0
"2623",0,0,1,0
"2624",0,0,1,0
"2625",0,0,1,0
"2626",0,0,1,1
"2627",0,0,1,1
"2628",0,0,1,1
"2629",0,0,1,1
"2630",0,0,1,1
"2631",0,0,1,0
"2632",0,0,1,1
"2633",0,0,1,0
"2634",0,0,1,1
"2635",0,0,1,1
"2636",0,0,1,1
"2637",0,0,1,1
"2638",0,0,1,1
"2639",0,0,1,1
"2640",0,0,1,1
"2641",0,0,1,0
"2642",0,0,1,1
"2643",0,0,1,0
"2644",0,0,1,1
"2645",0,0,1,1
"2646",0,0,1,1
"2647",0,0,1,1
"2648",0,0,1,1
"2649",0,0,1,1
"2650",0,0,1,1
"2651",0,0,1,0
"2652",0,0,1,1
"2653",0,0,1,0
"2654",0,0,1,1
"2655",0,0,1,0
"2656",0,0,1,1
"2657",0,0,1,1
"2658",0,0,1,1
"2659",0,0,1,0
"2660",0,0,1,0
"2661",0,0,1,1
"2662",0,0,1,1
"2663",0,0,1,1
"2664",0,0,1,1
"2665",0,0,1,0
"2666",0,0,1,0
"2667",0,0,1,0
"2668",0,0,1,1
"2669",0,0,1,1
"2670",0,0,1,1
"2671",0,0,1,0
"2672",0,0,1,0
"2673",0,0,1,1
"2674",0,0,1,1
"2675",0,0,1,1
"2676",0,0,1,1
"2677",0,0,1,0
"2678",0,0,1,1
"2679",0,0,1,0
"2680",0,0,1,1
"2681",0,0,1,1
"2682",0,0,1,0
"2683",0,0,1,0
"2684",0,0,1,0
"2685",0,0,1,0
"2686",0,0,1,1
"2687",0,0,1,0
"2688",0,0,1,1
"2689",0,0,1,0
"2690",0,0,1,1
"2691",0,0,1,1
"2692",0,0,1,1
"2693",0,0,1,0
"2694",0,0,1,1
"2695",0,0,1,1
"2696",0,0,1,1
"2697",0,0,1,1
"2698",0,0,1,1
"2699",0,0,1,1
"2700",0,0,1,1
"2701",0,0,1,0
"2702",0,0,1,0
"2703",0,0,1,1
"2704",0,0,1,1
"2705",0,0,1,0
"2706",0,0,1,0
"2707",0,0,1,1
"2708",0,0,1,1
"2709",0,0,1,1
"2710",0,0,1,0
"2711",0,0,1,1
"2712",0,0,1,1
"2713",0,0,1,1
"2714",0,0,1,0
"2715",0,0,1,1
"2716",0,0,1,0
"2717",0,0,1,0
"2718",0,0,1,0
"2719",0,0,1,0
"2720",0,0,1,0
"2721",0,0,1,1
"2722",0,0,1,0
"2723",0,0,1,1
"2724",0,0,1,0
"2725",0,0,1,0
"2726",0,0,1,1
"2727",0,0,1,1
"2728",0,0,1,0
"2729",0,0,1,1
"2730",0,0,1,1
"2731",0,0,1,1
"2732",0,0,1,1
"2733",0,0,1,1
"2734",0,0,1,0
"2735",0,0,1,1
"2736",0,0,1,1
"2737",0,0,1,1
"2738",0,0,1,1
"2739",0,0,1,1
"2740",0,0,1,1
"2741",0,0,1,0
"2742",0,0,1,1
"2743",0,0,1,1
"2744",0,0,1,0
"2745",0,0,1,1
"2746",0,0,1,1
"2747",0,0,1,0
"2748",0,0,1,0
"2749",0,0,1,1
"2750",0,0,1,1
"2751",0,0,1,1
"2752",0,0,1,0
"2753",0,0,1,0
"2754",0,0,1,0
"2755",0,0,1,1
"2756",0,0,1,0
"2757",0,0,1,1
"2758",0,0,1,1
"2759",0,0,1,1
"2760",0,0,1,0
"2761",0,0,1,0
"2762",0,0,1,1
"2763",0,0,1,1
"2764",0,0,1,1
"2765",0,0,1,0
"2766",0,0,1,1
"2767",0,0,1,0
"2768",0,0,1,0
"2769",0,0,1,1
"2770",0,0,1,1
"2771",0,0,1,1
"2772",0,0,1,0
"2773",0,0,1,1
"2774",0,0,1,1
"2775",0,0,1,0
"2776",0,0,1,0
"2777",0,0,1,0
"2778",0,0,1,1
"2779",0,0,1,0
"2780",0,0,1,1
"2781",0,0,1,1
"2782",0,0,1,0
"2783",0,0,1,1
"2784",0,0,1,1
"2785",0,0,1,1
"2786",0,0,1,1
"2787",0,0,1,1
"2788",0,0,1,0
"2789",0,0,1,0
"2790",0,0,1,1
"2791",0,0,1,1
"2792",0,0,1,0
"2793",0,0,1,1
"2794",0,0,1,0
"2795",0,0,1,0
"2796",0,0,1,0
"2797",0,0,1,0
"2798",0,0,1,0
"2799",0,0,1,1
"2800",0,0,1,0
"2801",0,0,1,1
"2802",0,0,1,0
"2803",0,0,1,0
"2804",0,0,1,0
"2805",0,0,1,1
"2806",0,0,1,1
"2807",0,0,1,1
"2808",0,0,1,1
"2809",0,0,1,1
"2810",0,0,1,1
"2811",0,0,1,1
"2812",0,0,1,0
"2813",0,0,1,1
"2814",0,0,1,1
"2815",0,0,1,0
"2816",0,0,1,1
"2817",0,0,1,1
"2818",0,0,1,1
"2819",0,0,1,0
"2820",0,0,1,0
"2821",0,0,1,0
"2822",0,0,1,1
"2823",0,0,1,0
"2824",0,0,1,0
"2825",0,0,1,0
"2826",0,0,1,0
"2827",0,0,1,1
"2828",0,0,1,0
"2829",0,0,1,1
"2830",0,0,1,0
"2831",0,0,1,0
"2832",0,0,1,0
"2833",0,0,1,0
"2834",0,0,1,1
"2835",0,0,1,0
"2836",0,0,1,1
"2837",0,0,1,1
"2838",0,0,1,1
"2839",0,0,1,1
"2840",0,0,1,1
"2841",0,0,1,1
"2842",0,0,1,1
"2843",0,0,1,1
"2844",0,0,1,0
"2845",0,0,1,0
"2846",0,0,1,1
"2847",0,0,1,1
"2848",0,0,1,0
"2849",0,0,1,1
"2850",0,0,1,1
"2851",0,0,1,0
"2852",0,0,1,1
"2853",0,0,1,1
"2854",0,0,1,1
"2855",0,0,1,0
"2856",0,0,1,1
"2857",0,0,1,0
"2858",0,0,1,1
"2859",0,0,1,1
"2860",0,0,1,1
"2861",0,0,1,1
"2862",0,0,1,1
"2863",0,0,1,1
"2864",0,0,1,1
"2865",0,0,1,0
"2866",0,0,1,0
"2867",0,0,1,0
"2868",0,0,1,1
"2869",0,0,1,0
"2870",0,0,1,1
"2871",0,0,1,0
"2872",0,0,1,0
"2873",0,0,1,0
"2874",0,0,1,1
"2875",0,0,1,1
"2876",0,0,1,1
"2877",0,0,1,0
"2878",0,0,1,1
"2879",0,0,1,0
"2880",0,0,1,0
"2881",0,0,1,0
"2882",0,0,1,0
"2883",0,0,1,1
"2884",0,0,1,0
"2885",0,0,1,1
"2886",0,0,1,0
"2887",0,0,1,1
"2888",0,0,1,1
"2889",0,0,1,1
"2890",0,0,1,0
"2891",0,0,1,1
"2892",0,0,1,1
"2893",0,0,1,1
"2894",0,0,1,0
"2895",0,0,1,0
"2896",0,0,1,0
"2897",0,0,1,1
"2898",0,0,1,1
"2899",0,0,1,0
"2900",0,0,1,0
"2901",0,0,1,0
"2902",0,0,1,0
"2903",0,0,1,0
"2904",0,0,1,0
"2905",0,0,1,1
"2906",0,0,1,0
"2907",0,0,1,1
"2908",0,0,1,0
"2909",0,0,1,1
"2910",0,0,1,1
"2911",0,0,1,0
"2912",0,0,1,1
"2913",0,0,1,0
"2914",0,0,1,0
"2915",0,0,1,1
"2916",0,0,1,1
"2917",0,0,1,0
"2918",0,0,1,1
"2919",0,0,1,0
"2920",0,0,1,1
"2921",0,0,1,1
"2922",0,0,1,0
"2923",0,0,1,0
"2924",0,0,1,0
"2925",0,0,1,0
"2926",0,0,1,1
"2927",0,0,1,0
"2928",0,0,1,1
"2929",0,0,1,1
"2930",0,0,1,0
"2931",0,0,1,1
"2932",0,0,1,0
"2933",0,0,1,1
"2934",0,0,1,1
"2935",0,0,1,0
"2936",0,0,1,0
"2937",0,0,1,1
"2938",0,0,0,1
"2939",0,0,0,1
"2940",0,0,0,1
"2941",0,0,0,1
"2942",0,0,0,1
"2943",0,0,0,1
"2944",0,0,0,1
"2945",0,0,0,1
"2946",0,0,0,1
"2947",0,0,0,1
"2948",0,0,0,1
"2949",0,0,0,1
"2950",0,0,0,1
"2951",0,0,0,1
"2952",0,0,0,1
"2953",0,0,0,1
"2954",0,0,0,1
"2955",0,0,0,1
"2956",0,0,0,1
"2957",0,0,0,1
"2958",0,0,0,1
"2959",0,0,0,1
"2960",0,0,0,1
"2961",0,0,0,1
"2962",0,0,0,1
"2963",0,0,0,1
"2964",0,0,0,1
"2965",0,0,0,1
"2966",0,0,0,1
"2967",0,0,0,1
"2968",0,0,0,1
"2969",0,0,0,1
"2970",0,0,0,1
"2971",0,0,0,1
"2972",0,0,0,1
"2973",0,0,0,1
"2974",0,0,0,1
"2975",0,0,0,1
"2976",0,0,0,1
"2977",0,0,0,1
"2978",0,0,0,1
"2979",0,0,0,1
"2980",0,0,0,1
"2981",0,0,0,1
"2982",0,0,0,1
"2983",0,0,0,1
"2984",0,0,0,1
"2985",0,0,0,1
"2986",0,0,0,1
"2987",0,0,0,1
"2988",0,0,0,1
"2989",0,0,0,1
"2990",0,0,0,1
"2991",0,0,0,1
"2992",0,0,0,1
"2993",0,0,0,1
"2994",0,0,0,1
"2995",0,0,0,1
"2996",0,0,0,1
"2997",0,0,0,1
"2998",0,0,0,1
"2999",0,0,0,1
"3000",0,0,0,1
"3001",0,0,0,1
"3002",0,0,0,1
"3003",0,0,0,1
"3004",0,0,0,1
"3005",0,0,0,1
"3006",0,0,0,1
"3007",0,0,0,1
"3008",0,0,0,1
"3009",0,0,0,1
"3010",0,0,0,1
"3011",0,0,0,1
"3012",0,0,0,1
"3013",0,0,0,1
"3014",0,0,0,1
"3015",0,0,0,1
"3016",0,0,0,1
"3017",0,0,0,1
"3018",0,0,0,1
"3019",0,0,0,1
"3020",0,0,0,1
"3021",0,0,0,1
"3022",0,0,0,1
"3023",0,0,0,1
"3024",0,0,0,1
"3025",0,0,0,1
"3026",0,0,0,1
"3027",0,0,0,1
"3028",0,0,0,1
"3029",0,0,0,1
"3030",0,0,0,1
"3031",0,0,0,1
"3032",0,0,0,1
"3033",0,0,0,1
"3034",0,0,0,1
"3035",0,0,0,1
"3036",0,0,0,1
"3037",0,0,0,1
"3038",0,0,0,1
"3039",0,0,0,1
"3040",0,0,0,1
"3041",0,0,0,1
"3042",0,0,0,1
"3043",0,0,0,1
"3044",0,0,0,1
"3045",0,0,0,1
"3046",0,0,0,1
"3047",0,0,0,1
"3048",0,0,0,1
"3049",0,0,0,1
"3050",0,0,0,1
"3051",0,0,0,1
"3052",0,0,0,1
"3053",0,0,0,1
"3054",0,0,0,1
"3055",0,0,0,1
"3056",0,0,0,1
"3057",0,0,0,1
"3058",0,0,0,1
"3059",0,0,0,1
"3060",0,0,0,1
"3061",0,0,0,1
"3062",0,0,0,1
"3063",0,0,0,1
"3064",0,0,0,1
"3065",0,0,0,1
"3066",0,0,0,1
"3067",0,0,0,1
"3068",0,0,0,1
"3069",0,0,0,1
"3070",0,0,0,1
"3071",0,0,0,1
"3072",0,0,0,1
"3073",0,0,0,1
"3074",0,0,0,1
"3075",0,0,0,1
"3076",0,0,0,1
"3077",0,0,0,1
"3078",0,0,0,1
"3079",0,0,0,1
"3080",0,0,0,1
"3081",0,0,0,1
"3082",0,0,0,1
"3083",0,0,0,1
"3084",0,0,0,1
"3085",0,0,0,1
"3086",0,0,0,1
"3087",0,0,0,1
"3088",0,0,0,1
"3089",0,0,0,1
"3090",0,0,0,1
"3091",0,0,0,1
"3092",0,0,0,1
"3093",0,0,0,1
"3094",0,0,0,1
"3095",0,0,0,1
"3096",0,0,0,1
"3097",0,0,0,1
"3098",0,0,0,1
"3099",0,0,0,1
"3100",0,0,0,1
"3101",0,0,0,1
"3102",0,0,0,1
"3103",0,0,0,1
"3104",0,0,0,1
"3105",0,0,0,1
"3106",0,0,0,1
"3107",0,0,0,1
"3108",0,0,0,1
"3109",0,0,0,1
"3110",0,0,0,1
"3111",0,0,0,1
"3112",0,0,0,1
"3113",0,0,0,1
"3114",0,0,0,1
"3115",0,0,0,1
"3116",0,0,0,1
"3117",0,0,0,1
"3118",0,0,0,1
"3119",0,0,0,1
"3120",0,0,0,1
"3121",0,0,0,1
"3122",0,0,0,1
"3123",0,0,0,1
"3124",0,0,0,1
"3125",0,0,0,1
"3126",0,0,0,1
"3127",0,0,0,1
"3128",0,0,0,1
"3129",0,0,0,1
"3130",0,0,0,1
"3131",0,0,0,1
"3132",0,0,0,1
"3133",0,0,0,1
"3134",0,0,0,1
"3135",0,0,0,1
"3136",0,0,0,1
"3137",0,0,0,1
"3138",0,0,0,1
"3139",0,0,0,1
"3140",0,0,0,1
"3141",0,0,0,1
"3142",0,0,0,1
"3143",0,0,0,1
"3144",0,0,0,1
"3145",0,0,0,1
"3146",0,0,0,1
"3147",0,0,0,1
"3148",0,0,0,1
"3149",0,0,0,1
"3150",0,0,0,1
"3151",0,0,0,1
"3152",0,0,0,1
"3153",0,0,0,1
"3154",0,0,0,1
"3155",0,0,0,1
"3156",0,0,0,1
"3157",0,0,0,1
"3158",0,0,0,1
"3159",0,0,0,1
"3160",0,0,0,1
"3161",0,0,0,1
"3162",0,0,0,1
"3163",0,0,0,1
"3164",0,0,0,1
"3165",0,0,0,1
"3166",0,0,0,1
"3167",0,0,0,1
"3168",0,0,0,1
"3169",0,0,0,1
"3170",0,0,0,1
"3171",0,0,0,1
"3172",0,0,0,1
"3173",0,0,0,1
"3174",0,0,0,1
"3175",0,0,0,1
"3176",0,0,0,1
"3177",0,0,0,1
"3178",0,0,0,1
"3179",0,0,0,1
"3180",0,0,0,1
"3181",0,0,0,1
"3182",0,0,0,1
"3183",0,0,0,1
"3184",0,0,0,1
"3185",0,0,0,1
"3186",0,0,0,1
"3187",0,0,0,1
"3188",0,0,0,1
"3189",0,0,0,1
"3190",0,0,0,1
"3191",0,0,0,1
"3192",0,0,0,1
"3193",0,0,0,1
"3194",0,0,0,1
"3195",0,0,0,1
"3196",0,0,0,1
"3197",0,0,0,1
"3198",0,0,0,1
"3199",0,0,0,1
"3200",0,0,0,1
"3201",0,0,0,1
"3202",0,0,0,1
"3203",0,0,0,1
"3204",0,0,0,1
"3205",0,0,0,1
"3206",0,0,0,1
"3207",0,0,0,1
"3208",0,0,0,1
"3209",0,0,0,1
"3210",0,0,0,1
"3211",0,0,0,1
"3212",0,0,0,1
"3213",0,0,0,1
"3214",0,0,0,1
"3215",0,0,0,1
"3216",0,0,0,1
"3217",0,0,0,1
"3218",0,0,0,1
"3219",0,0,0,1
"3220",0,0,0,1
"3221",0,0,0,1
"3222",0,0,0,1
"3223",0,0,0,1
"3224",0,0,0,1
"3225",0,0,0,1
"3226",0,0,0,1
"3227",0,0,0,1
"3228",0,0,0,1
"3229",0,0,0,1
"3230",0,0,0,1
"3231",0,0,0,1
"3232",0,0,0,1
"3233",0,0,0,1
"3234",0,0,0,1
"3235",0,0,0,1
"3236",0,0,0,1
"3237",0,0,0,1
"3238",0,0,0,1
"3239",0,0,0,1
"3240",0,0,0,1
"3241",0,0,0,1
"3242",0,0,0,1
"3243",0,0,0,1
"3244",0,0,0,1
"3245",0,0,0,1
"3246",0,0,0,1
"3247",0,0,0,1
"3248",0,0,0,1
"3249",0,0,0,1
"3250",0,0,0,1
"3251",0,0,0,1
"3252",0,0,0,1
"3253",0,0,0,1
"3254",0,0,0,1
"3255",0,0,0,1
"3256",0,0,0,1
"3257",0,0,0,1
"3258",0,0,0,1
"3259",0,0,0,1
"3260",0,0,0,1
"3261",0,0,0,1
"3262",0,0,0,1
"3263",0,0,0,1
"3264",0,0,0,1
"3265",0,0,0,1
"3266",0,0,0,1
"3267",0,0,0,1
"3268",0,0,0,1
"3269",0,0,0,1
"3270",0,0,0,1
"3271",0,0,0,1
"3272",0,0,0,1
"3273",0,0,0,1
"3274",0,0,0,1
"3275",0,0,0,1
"3276",0,0,0,1
"3277",0,0,0,1
"3278",0,0,0,1
"3279",0,0,0,1
"3280",0,0,0,1
"3281",0,0,0,1
"3282",0,0,0,1
"3283",0,0,0,1
"3284",0,0,0,1
"3285",0,0,0,1
"3286",0,0,0,1
"3287",0,0,0,1
"3288",0,0,0,1
"3289",0,0,0,1
"3290",0,0,0,1
"3291",0,0,0,1
"3292",0,0,0,1
"3293",0,0,0,1
"3294",0,0,0,1
"3295",0,0,0,1
"3296",0,0,0,1
"3297",0,0,0,1
"3298",0,0,0,1
"3299",0,0,0,1
"3300",0,0,0,1
"3301",0,0,0,1
"3302",0,0,0,1
"3303",0,0,0,1
"3304",0,0,0,1
"3305",0,0,0,1
"3306",0,0,0,1
"3307",0,0,0,1
"3308",0,0,0,1
"3309",0,0,0,1
"3310",0,0,0,1
"3311",0,0,0,1
"3312",0,0,0,1
"3313",0,0,0,1
"3314",0,0,0,1
"3315",0,0,0,1
"3316",0,0,0,1
"3317",0,0,0,1
"3318",0,0,0,1
"3319",0,0,0,1
"3320",0,0,0,1
"3321",0,0,0,1
"3322",0,0,0,1
"3323",0,0,0,1
"3324",0,0,0,1
"3325",0,0,0,1
"3326",0,0,0,1
"3327",0,0,0,1
"3328",0,0,0,1
"3329",0,0,0,1
"3330",0,0,0,1
"3331",0,0,0,1
"3332",0,0,0,1
"3333",0,0,0,1
"3334",0,0,0,1
"3335",0,0,0,1
"3336",0,0,0,1
"3337",0,0,0,1
"3338",0,0,0,1
"3339",0,0,0,1
"3340",0,0,0,1
"3341",0,0,0,1
"3342",0,0,0,1
"3343",0,0,0,1
"3344",0,0,0,1
"3345",0,0,0,1
"3346",0,0,0,1
"3347",0,0,0,1
"3348",0,0,0,1
"3349",0,0,0,1
"3350",0,0,0,1
"3351",0,0,0,1
"3352",0,0,0,1
"3353",0,0,0,1
"3354",0,0,0,1
"3355",0,0,0,1
"3356",0,0,0,1
"3357",0,0,0,1
"3358",0,0,0,1
"3359",0,0,0,1
"3360",0,0,0,1
"3361",0,0,0,1
"3362",0,0,0,1
"3363",0,0,0,1
"3364",0,0,0,1
"3365",0,0,0,1
"3366",0,0,0,1
"3367",0,0,0,1
"3368",0,0,0,1
"3369",0,0,0,1
"3370",0,0,0,1
"3371",0,0,0,1
"3372",0,0,0,1
"3373",0,0,0,1
"3374",0,0,0,1
"3375",0,0,0,1
"3376",0,0,0,1
"3377",0,0,0,1
"3378",0,0,0,1
"3379",0,0,0,1
"3380",0,0,0,1
"3381",0,0,0,1
"3382",0,0,0,1
"3383",0,0,0,1
"3384",0,0,0,1
"3385",0,0,0,1
"3386",0,0,0,1
"3387",0,0,0,1
"3388",0,0,0,1
"3389",0,0,0,1
"3390",0,0,0,1
"3391",0,0,0,1
"3392",0,0,0,1
"3393",0,0,0,1
"3394",0,0,0,1
"3395",0,0,0,1
"3396",0,0,0,1
"3397",0,0,0,1
"3398",0,0,0,1
"3399",0,0,0,1
"3400",0,0,0,1
"3401",0,0,0,1
"3402",0,0,0,1
"3403",0,0,0,1
"3404",0,0,0,1
"3405",0,0,0,1
"3406",0,0,0,1
"3407",0,0,0,1
"3408",0,0,0,1
"3409",0,0,0,1
"3410",0,0,0,1
"3411",0,0,0,1
"3412",0,0,0,1
"3413",0,0,0,1
"3414",0,0,0,1
"3415",0,0,0,1
"3416",0,0,0,1
"3417",0,0,0,1
"3418",0,0,0,1
"3419",0,0,0,1
"3420",0,0,0,1
"3421",0,0,0,1
"3422",0,0,0,1
"3423",0,0,0,1
"3424",0,0,0,1
"3425",0,0,0,1
"3426",0,0,0,1
"3427",0,0,0,1
"3428",0,0,0,1
"3429",0,0,0,1
"3430",0,0,0,1
"3431",0,0,0,1
"3432",0,0,0,1
"3433",0,0,0,1
"3434",0,0,0,1
"3435",0,0,0,1
"3436",0,0,0,1
"3437",0,0,0,1
"3438",0,0,0,1
"3439",0,0,0,1
"3440",0,0,0,1
"3441",0,0,0,1
"3442",0,0,0,1
"3443",0,0,0,1
"3444",0,0,0,1
"3445",0,0,0,1
"3446",0,0,0,1
"3447",0,0,0,1
"3448",0,0,0,1
"3449",0,0,0,1
"3450",0,0,0,1
"3451",0,0,0,1
"3452",0,0,0,1
"3453",0,0,0,1
"3454",0,0,0,1
"3455",0,0,0,1
"3456",0,0,0,1
"3457",0,0,0,1
"3458",0,0,0,1
"3459",0,0,0,1
"3460",0,0,0,1
"3461",0,0,0,1
"3462",0,0,0,1
"3463",0,0,0,1
"3464",0,0,0,1
"3465",0,0,0,1
"3466",0,0,0,1
"3467",0,0,0,1
"3468",0,0,0,1
"3469",0,0,0,1
"3470",0,0,0,1
"3471",0,0,0,1
"3472",0,0,0,1
"3473",0,0,0,1
"3474",0,0,0,1
"3475",0,0,0,1
"3476",0,0,0,1
"3477",0,0,0,1
"3478",0,0,0,1
"3479",0,0,0,1
"3480",0,0,0,1
"3481",0,0,0,1
"3482",0,0,0,1
"3483",0,0,0,1
"3484",0,0,0,1
"3485",0,0,0,1
"3486",0,0,0,1
"3487",0,0,0,1
"3488",0,0,0,1
"3489",0,0,0,1
"3490",0,0,0,1
"3491",0,0,0,1
"3492",0,0,0,1
"3493",0,0,0,1
"3494",0,0,0,1
"3495",0,0,0,1
"3496",0,0,0,1
"3497",0,0,0,1
"3498",0,0,0,1
"3499",0,0,0,1
"3500",0,0,0,1
"3501",0,0,0,1
"3502",0,0,0,1
"3503",0,0,0,1
"3504",0,0,0,1
"3505",0,0,0,1
"3506",0,0,0,1
"3507",0,0,0,1
"3508",0,0,0,1
"3509",0,0,0,1
"3510",0,0,0,1
"3511",0,0,0,1
"3512",0,0,0,1
"3513",0,0,0,1
"3514",0,0,0,1
"3515",0,0,0,1
"3516",0,0,0,1
"3517",0,0,0,1
"3518",0,0,0,1
"3519",0,0,0,1
"3520",0,0,0,1
"3521",0,0,0,1
"3522",0,0,0,1
"3523",0,0,0,1
"3524",0,0,0,1
"3525",0,0,0,1
"3526",0,0,0,1
"3527",0,0,0,1
"3528",0,0,0,1
"3529",0,0,0,1
"3530",0,0,0,1
"3531",0,0,0,1
"3532",0,0,0,1
"3533",0,0,0,1
"3534",0,0,0,1
"3535",0,0,0,1
"3536",0,0,0,1
"3537",0,0,0,1
"3538",0,0,0,1
"3539",0,0,0,1
"3540",0,0,0,1
"3541",0,0,0,1
"3542",0,0,0,1
"3543",0,0,0,1
"3544",0,0,0,1
"3545",0,0,0,1
"3546",0,0,0,1
"3547",0,0,0,1
"3548",0,0,0,1
"3549",0,0,0,1
"3550",0,0,0,1
"3551",0,0,0,1
"3552",0,0,0,1
"3553",0,0,0,1
"3554",0,0,0,1
"3555",0,0,0,1
"3556",0,0,0,1
"3557",0,0,0,1
"3558",0,0,0,1
"3559",0,0,0,1
"3560",0,0,0,1
"3561",0,0,0,1
"3562",0,0,0,1
"3563",0,0,0,1
"3564",0,0,0,1
"3565",0,0,0,1
"3566",0,0,0,1
"3567",0,0,0,1
"3568",0,0,0,1
"3569",0,0,0,1
"3570",0,0,0,1
"3571",0,0,0,1
"3572",0,0,0,1
"3573",0,0,0,1
"3574",0,0,0,1
"3575",0,0,0,1
"3576",0,0,0,1
"3577",0,0,0,1
"3578",0,0,0,1
"3579",0,0,0,1
"3580",0,0,0,1
"3581",0,0,0,1
"3582",0,0,0,1
"3583",0,0,0,1
"3584",0,0,0,1
"3585",0,0,0,1
"3586",0,0,0,1
"3587",0,0,0,1
"3588",0,0,0,1
"3589",0,0,0,1
"3590",0,0,0,1
"3591",0,0,0,1
"3592",0,0,0,1
"3593",0,0,0,1
"3594",0,0,0,1
"3595",0,0,0,1
"3596",0,0,0,1
"3597",0,0,0,1
"3598",0,0,0,1
"3599",0,0,0,1
"3600",0,0,0,1
"3601",0,0,0,1
"3602",0,0,0,1
"3603",0,0,0,1
"3604",0,0,0,1
"3605",0,0,0,1
"3606",0,0,0,1
"3607",0,0,0,1
"3608",0,0,0,1
"3609",0,0,0,1
"3610",0,0,0,1
"3611",0,0,0,1
"3612",0,0,0,1
"3613",0,0,0,1
"3614",0,0,0,1
"3615",0,0,0,1
"3616",0,0,0,1
"3617",0,0,0,1
"3618",0,0,0,1
"3619",0,0,0,1
"3620",0,0,0,1
"3621",0,0,0,1
"3622",0,0,0,1
"3623",0,0,0,1
"3624",0,0,0,1
"3625",0,0,0,1
"3626",0,0,0,1
"3627",0,0,0,1
"3628",0,0,0,1
"3629",0,0,0,1
"3630",0,0,0,1
"3631",0,0,0,1
"3632",0,0,0,1
"3633",0,0,0,1
"3634",0,0,0,1
"3635",0,0,0,1
"3636",0,0,0,1
"3637",0,0,0,1
"3638",0,0,0,1
"3639",0,0,0,1
"3640",0,0,0,1
"3641",0,0,0,1
"3642",0,0,0,1
"3643",0,0,0,1
"3644",0,0,0,1
"3645",0,0,0,1
"3646",0,0,0,1
"3647",0,0,0,1
"3648",0,0,0,1
"3649",0,0,0,1
"3650",0,0,0,1
"3651",0,0,0,1
"3652",0,0,0,1
"3653",0,0,0,1
"3654",0,0,0,1
"3655",0,0,0,1
"3656",0,0,0,1
"3657",0,0,0,1
"3658",0,0,0,1
"3659",0,0,0,1
"3660",0,0,0,1
"3661",0,0,0,1
"3662",0,0,0,1
"3663",0,0,0,1
"3664",0,0,0,1
"3665",0,0,0,1
"3666",0,0,0,1
"3667",0,0,0,1
"3668",0,0,0,1
"3669",0,0,0,1
"3670",0,0,0,1
"3671",0,0,0,1
"3672",0,0,0,1
"3673",0,0,0,1
"3674",0,0,0,1
"3675",0,0,0,1
"3676",0,0,0,1
"3677",0,0,0,1
"3678",0,0,0,1
"3679",0,0,0,1
"3680",0,0,0,1
"3681",0,0,0,1
"3682",0,0,0,1
"3683",0,0,0,1
"3684",0,0,0,1
"3685",0,0,0,1
"3686",0,0,0,1
"3687",0,0,0,1
"3688",0,0,0,1
"3689",0,0,0,1
"3690",0,0,0,1
"3691",0,0,0,1
"3692",0,0,0,1
"3693",0,0,0,1
"3694",0,0,0,1
"3695",0,0,0,1
"3696",0,0,0,1
"3697",0,0,0,1
"3698",0,0,0,1
"3699",0,0,0,1
"3700",0,0,0,1
"3701",0,0,0,1
"3702",0,0,0,1
"3703",0,0,0,1
"3704",0,0,0,1
"3705",0,0,0,1
"3706",0,0,0,1
"3707",0,0,0,1
"3708",0,0,0,1
"3709",0,0,0,1
"3710",0,0,0,1
"3711",0,0,0,1
"3712",0,0,0,1
"3713",0,0,0,1
"3714",0,0,0,1
"3715",0,0,0,1
"3716",0,0,0,1
"3717",0,0,0,1
"3718",0,0,0,1
"3719",0,0,0,1
"3720",0,0,0,1
"3721",0,0,0,1
"3722",0,0,0,1
"3723",0,0,0,1
"3724",0,0,0,1
"3725",0,0,0,1
"3726",0,0,0,1
"3727",0,0,0,1
"3728",0,0,0,1
"3729",0,0,0,1
"3730",0,0,0,1
"3731",0,0,0,1
"3732",0,0,0,1
"3733",0,0,0,1
"3734",0,0,0,1
"3735",0,0,0,1
"3736",0,0,0,1
"3737",0,0,0,1
"3738",0,0,0,1
"3739",0,0,0,1
"3740",0,0,0,1
"3741",0,0,0,1
"3742",0,0,0,1
"3743",0,0,0,1
"3744",0,0,0,1
"3745",0,0,0,1
"3746",0,0,0,1
"3747",0,0,0,1
"3748",0,0,0,1
"3749",0,0,0,1
"3750",0,0,0,1
"3751",0,0,0,1
"3752",0,0,0,1
"3753",0,0,0,1
"3754",0,0,0,1
"3755",0,0,0,1
"3756",0,0,0,1
"3757",0,0,0,1
"3758",0,0,0,1
"3759",0,0,0,1
"3760",0,0,0,1
"3761",0,0,0,1
"3762",0,0,0,1
"3763",0,0,0,1
"3764",0,0,0,1
"3765",0,0,0,1
"3766",0,0,0,1
"3767",0,0,0,1
"3768",0,0,0,1
"3769",0,0,0,1
"3770",0,0,0,1
"3771",0,0,0,1
"3772",0,0,0,1
"3773",0,0,0,1
"3774",0,0,0,1
"3775",0,0,0,1
"3776",0,0,0,1
"3777",0,0,0,1
"3778",0,0,0,1
"3779",0,0,0,1
"3780",0,0,0,1
"3781",0,0,0,1
"3782",0,0,0,1
"3783",0,0,0,1
"3784",0,0,0,1
"3785",0,0,0,1
"3786",0,0,0,1
"3787",0,0,0,1
"3788",0,0,0,1
"3789",0,0,0,1
"3790",0,0,0,1
"3791",0,0,0,1
"3792",0,0,0,1
"3793",0,0,0,1
"3794",0,0,0,1
"3795",0,0,0,1
"3796",0,0,0,1
"3797",0,0,0,1
"3798",0,0,0,1
"3799",0,0,0,1
"3800",0,0,0,1
"3801",0,0,0,1
"3802",0,0,0,1
"3803",0,0,0,1
"3804",0,0,0,1
"3805",0,0,0,1
"3806",0,0,0,1
"3807",0,0,0,1
"3808",0,0,0,1
"3809",0,0,0,1
"3810",0,0,0,1
"3811",0,0,0,1
"3812",0,0,0,1
"3813",0,0,0,1
"3814",0,0,0,1
"3815",0,0,0,1
"3816",0,0,0,1
"3817",0,0,0,1
"3818",0,0,0,1
"3819",0,0,0,1
"3820",0,0,0,1
"3821",0,0,0,1
"3822",0,0,0,1
"3823",0,0,0,1
"3824",0,0,0,1
"3825",0,0,0,1
"3826",0,0,0,1
"3827",0,0,0,1
"3828",0,0,0,1
"3829",0,0,0,1
"3830",0,0,0,1
"3831",0,0,0,1
"3832",0,0,0,1
"3833",0,0,0,1
"3834",0,0,0,1
"3835",0,0,0,1
"3836",0,0,0,1
"3837",0,0,0,1
"3838",0,0,0,1
"3839",0,0,0,1
"3840",0,0,0,1
"3841",0,0,0,1
"3842",0,0,0,1
"3843",0,0,0,1
"3844",0,0,0,1
"3845",0,0,0,1
"3846",0,0,0,1
"3847",0,0,0,1
"3848",0,0,0,1
"3849",0,0,0,1
"3850",0,0,0,1
"3851",0,0,0,1
"3852",0,0,0,1
"3853",0,0,0,1
"3854",0,0,0,1
"3855",0,0,0,1
"3856",0,0,0,1
"3857",0,0,0,1
"3858",0,0,0,1
"3859",0,0,0,1
"3860",0,0,0,1
"3861",0,0,0,1
"3862",0,0,0,1
"3863",0,0,0,1
"3864",0,0,0,1
"3865",0,0,0,1
"3866",0,0,0,1
"3867",0,0,0,1
"3868",0,0,0,1
"3869",0,0,0,1
"3870",0,0,0,1
"3871",0,0,0,1
"3872",0,0,0,1
"3873",0,0,0,1
"3874",0,0,0,1
"3875",0,0,0,1
"3876",0,0,0,1
"3877",0,0,0,1
"3878",0,0,0,1
"3879",0,0,0,1
"3880",0,0,0,1
"3881",0,0,0,1
"3882",0,0,0,1
"3883",0,0,0,1
"3884",0,0,0,1
"3885",0,0,0,1
"3886",0,0,0,1
"3887",0,0,0,1
"3888",0,0,0,1
"3889",0,0,0,1
"3890",0,0,0,1
"3891",0,0,0,1
"3892",0,0,0,1
"3893",0,0,0,1
"3894",0,0,0,1
"3895",0,0,0,1
"3896",0,0,0,1
"3897",0,0,0,1
"3898",0,0,0,1
"3899",0,0,0,1
"3900",0,0,0,1
"3901",0,0,0,1
"3902",0,0,0,1
"3903",0,0,0,1
"3904",0,0,0,1
"3905",0,0,0,1
"3906",0,0,0,1
"3907",0,0,0,1
"3908",0,0,0,1
"3909",0,0,0,1
"3910",0,0,0,1
"3911",0,0,0,1
"3912",0,0,0,1
"3913",0,0,0,1
"3914",0,0,0,1
"3915",0,0,0,1
"3916",0,0,0,1
"3917",0,0,0,1
"3918",0,0,0,1
"3919",0,0,0,1
"3920",0,0,0,1
"3921",0,0,0,1
"3922",0,0,0,1
"3923",0,0,0,1
"3924",0,0,0,1
"3925",0,0,0,1
"3926",0,0,0,1
"3927",0,0,0,1
"3928",0,0,0,1
"3929",0,0,0,1
"3930",0,0,0,1
"3931",0,0,0,1
"3932",0,0,0,1
"3933",0,0,0,1
"3934",0,0,0,1
"3935",0,0,0,1
"3936",0,0,0,1
"3937",0,0,0,1
"3938",0,0,0,1
"3939",0,0,0,1
"3940",0,0,0,1
"3941",0,0,0,1
"3942",0,0,0,1
"3943",0,0,0,1
"3944",0,0,0,1
"3945",0,0,0,1
"3946",0,0,0,1
"3947",0,0,0,1
"3948",0,0,0,1
"3949",0,0,0,1
"3950",0,0,0,1
"3951",0,0,0,1
"3952",0,0,0,1
"3953",0,0,0,1
"3954",0,0,0,1
"3955",0,0,0,1
"3956",0,0,0,1
"3957",0,0,0,1
"3958",0,0,0,1
"3959",0,0,0,1
"3960",0,0,0,1
"3961",0,0,0,1
"3962",0,0,0,1
"3963",0,0,0,1
"3964",0,0,0,1
"3965",0,0,0,1
"3966",0,0,0,1
"3967",0,0,0,1
"3968",0,0,0,1
"3969",0,0,0,1
"3970",0,0,0,1
"3971",0,0,0,1
"3972",0,0,0,1
"3973",0,0,0,1
"3974",0,0,0,1
"3975",0,0,0,1
"3976",0,0,0,1
"3977",0,0,0,1
"3978",0,0,0,1
"3979",0,0,0,1
"3980",0,0,0,1
"3981",0,0,0,1
"3982",0,0,0,1
"3983",0,0,0,1
"3984",0,0,0,1
"3985",0,0,0,1
"3986",0,0,0,1
"3987",0,0,0,1
"3988",0,0,0,1
"3989",0,0,0,1
"3990",0,0,0,1
"3991",0,0,0,1
"3992",0,0,0,1
"3993",0,0,0,1
"3994",0,0,0,1
"3995",0,0,0,1
"3996",0,0,0,1
"3997",0,0,0,1
"3998",0,0,0,1
"3999",0,0,0,1
"4000",0,0,0,1
"4001",0,0,0,1
"4002",0,0,0,1
"4003",0,0,0,1
"4004",0,0,0,1
"4005",0,0,0,1
"4006",0,0,0,1
"4007",0,0,0,1
"4008",0,0,0,1
"4009",0,0,0,1
"4010",0,0,0,1
"4011",0,0,0,1
"4012",0,0,0,1
"4013",0,0,0,1
"4014",0,0,0,1
"4015",0,0,0,1
"4016",0,0,0,1
"4017",0,0,0,1
"4018",0,0,0,1
"4019",0,0,0,1
"4020",0,0,0,1
"4021",0,0,0,1
"4022",0,0,0,1
"4023",0,0,0,1
"4024",0,0,0,1
"4025",0,0,0,1
"4026",0,0,0,1
"4027",0,0,0,1
"4028",0,0,0,1
"4029",0,0,0,1
"4030",0,0,0,1
"4031",0,0,0,1
"4032",0,0,0,1
"4033",0,0,0,1
"4034",0,0,0,1
"4035",0,0,0,1
"4036",0,0,0,1
"4037",0,0,0,1
"4038",0,0,0,1
"4039",0,0,0,1
"4040",0,0,0,1
"4041",0,0,0,1
"4042",0,0,0,1
"4043",0,0,0,1
"4044",0,0,0,1
"4045",0,0,0,1
"4046",0,0,0,1
"4047",0,0,0,1
"4048",0,0,0,1
"4049",0,0,0,1
"4050",0,0,0,1
"4051",0,0,0,1
"4052",0,0,0,1
"4053",0,0,0,1
"4054",0,0,0,1
"4055",0,0,0,1
"4056",0,0,0,1
"4057",0,0,0,1
"4058",0,0,0,1
"4059",0,0,0,1
"4060",0,0,0,1
"4061",0,0,0,1
"4062",0,0,0,1
"4063",0,0,0,1
"4064",0,0,0,1
"4065",0,0,0,1
"4066",0,0,0,1
"4067",0,0,0,1
"4068",0,0,0,1
"4069",0,0,0,1
"4070",0,0,0,1
"4071",0,0,0,1
"4072",0,0,0,1
"4073",0,0,0,1
"4074",0,0,0,1
"4075",0,0,0,1
"4076",0,0,0,1
"4077",0,0,0,1
"4078",0,0,0,1
"4079",0,0,0,1
"4080",0,0,0,1
"4081",0,0,0,1
"4082",0,0,0,1
"4083",0,0,0,1
"4084",0,0,0,1
"4085",0,0,0,1
"4086",0,0,0,1
"4087",0,0,0,1
"4088",0,0,0,1
"4089",0,0,0,1
"4090",0,0,0,1
"4091",0,0,0,1
"4092",0,0,0,1
"4093",0,0,0,1
"4094",0,0,0,1
"4095",0,0,0,1
"4096",0,0,0,1
"4097",0,0,0,1
"4098",0,0,0,1
"4099",0,0,0,1
"4100",0,0,0,1
"4101",0,0,0,1
"4102",0,0,0,1
"4103",0,0,0,1
"4104",0,0,0,1
"4105",0,0,0,1
"4106",0,0,0,1
"4107",0,0,0,1
"4108",0,0,0,1
"4109",0,0,0,1
"4110",0,0,0,1
"4111",0,0,0,1
"4112",0,0,0,1
"4113",0,0,0,1
"4114",0,0,0,1
"4115",0,0,0,1
"4116",0,0,0,1
"4117",0,0,0,1
"4118",0,0,0,1
"4119",0,0,0,1
"4120",0,0,0,1
"4121",0,0,0,1
"4122",0,0,0,1
"4123",0,0,0,1
"4124",0,0,0,1
"4125",0,0,0,1
"4126",0,0,0,1
"4127",0,0,0,1
"4128",0,0,0,1
"4129",0,0,0,1
"4130",0,0,0,1
"4131",0,0,0,1
"4132",0,0,0,1
"4133",0,0,0,1
"4134",0,0,0,1
"4135",0,0,0,1
"4136",0,0,0,1
"4137",0,0,0,1
"4138",0,0,0,1
"4139",0,0,0,1
"4140",0,0,0,1
"4141",0,0,0,1
"4142",0,0,0,1
"4143",0,0,0,1
"4144",0,0,0,1
"4145",0,0,0,1
"4146",0,0,0,1
"4147",0,0,0,1
"4148",0,0,0,1
"4149",0,0,0,1
"4150",0,0,0,1
"4151",0,0,0,1
"4152",0,0,0,1
"4153",0,0,0,1
"4154",0,0,0,1
"4155",0,0,0,1
"4156",0,0,0,1
"4157",0,0,0,1
"4158",0,0,0,1
"4159",0,0,0,1
"4160",0,0,0,1
"4161",0,0,0,1
"4162",0,0,0,1
"4163",0,0,0,1
"4164",0,0,0,1
"4165",0,0,0,1
"4166",0,0,0,1
"4167",0,0,0,1
"4168",0,0,0,1
"4169",0,0,0,1
"4170",0,0,0,1
"4171",0,0,0,1
"4172",0,0,0,1
"4173",0,0,0,1
"4174",0,0,0,1
"4175",0,0,0,1
"4176",0,0,0,1
"4177",0,0,0,1
"4178",0,0,0,1
"4179",0,0,0,1
"4180",0,0,0,1
"4181",0,0,0,1
"4182",0,0,0,1
"4183",0,0,0,1
"4184",0,0,0,1
"4185",0,0,0,1
"4186",0,0,0,1
"4187",0,0,0,1
"4188",0,0,0,1
"4189",0,0,0,1
"4190",0,0,0,1
"4191",0,0,0,1
"4192",0,0,0,1
"4193",0,0,0,1
"4194",0,0,0,1
"4195",0,0,0,1
"4196",0,0,0,1
"4197",0,0,0,1
"4198",0,0,0,1
"4199",0,0,0,1
"4200",0,0,0,1
"4201",0,0,0,1
"4202",0,0,0,1
"4203",0,0,0,1
"4204",0,0,0,1
"4205",0,0,0,1
"4206",0,0,0,1
"4207",0,0,0,1
"4208",0,0,0,1
"4209",0,0,0,1
"4210",0,0,0,1
"4211",0,0,0,1
"4212",0,0,0,1
"4213",0,0,0,1
"4214",0,0,0,1
"4215",0,0,0,1
"4216",0,0,0,1
"4217",0,0,0,1
"4218",0,0,0,1
"4219",0,0,0,1
"4220",0,0,0,1
"4221",0,0,0,1
"4222",0,0,0,1
"4223",0,0,0,1
"4224",0,0,0,1
"4225",0,0,0,1
"4226",0,0,0,1
"4227",0,0,0,1
"4228",0,0,0,1
"4229",0,0,0,1
"4230",0,0,0,1
"4231",0,0,0,1
"4232",0,0,0,1
"4233",0,0,0,1
"4234",0,0,0,1
"4235",0,0,0,1
"4236",0,0,0,1
"4237",0,0,0,1
"4238",0,0,0,1
"4239",0,0,0,1
"4240",0,0,0,1
"4241",0,0,0,1
"4242",0,0,0,1
"4243",0,0,0,1
"4244",0,0,0,1
"4245",0,0,0,1
"4246",0,0,0,1
"4247",0,0,0,1
"4248",0,0,0,1
"4249",0,0,0,1
"4250",0,0,0,1
"4251",0,0,0,1
"4252",0,0,0,1
"4253",0,0,0,1
"4254",0,0,0,1
"4255",0,0,0,1
"4256",0,0,0,1
"4257",0,0,0,1
"4258",0,0,0,1
"4259",0,0,0,1
"4260",0,0,0,1
"4261",0,0,0,1
"4262",0,0,0,1
"4263",0,0,0,1
"4264",0,0,0,1
"4265",0,0,0,1
"4266",0,0,0,1
"4267",0,0,0,1
"4268",0,0,0,1
"4269",0,0,0,1
"4270",0,0,0,1
"4271",0,0,0,1
"4272",0,0,0,1
"4273",0,0,0,1
"4274",0,0,0,1
"4275",0,0,0,1
"4276",0,0,0,1
"4277",0,0,0,1
"4278",0,0,0,1
"4279",0,0,0,1
"4280",0,0,0,1
"4281",0,0,0,1
"4282",0,0,0,1
